lower_95,lower_90,lower_80,lower_50,pred,upper_50,upper_80,upper_90,upper_95,date,uf
0.0,0.0,0.0,0.0,0.0,85357.12503780001,165051.89291249998,220471.67253510002,268065.01701989997,2024-10-06,AC
0.0,0.0,0.0,0.0,0.0,83140.41586725,158455.93795596002,211443.8707161,251532.1997415,2024-10-13,AC
0.0,0.0,0.0,0.0,0.0,83908.52816076,176514.7391964,236743.52779800002,293727.94663049997,2024-10-20,AC
0.0,0.0,0.0,0.0,6488.243782173,99913.1729994,176764.4681175,216810.2581803,283057.703658,2024-10-27,AC
0.0,0.0,0.0,0.0,0.0,82898.99847864,161150.21160389998,217075.5442989,250129.4670783,2024-11-03,AC
0.0,0.0,0.0,0.0,2448.946217025,90304.15428179999,184520.808108,225102.35614050002,276757.8205194,2024-11-10,AC
0.0,0.0,0.0,0.0,0.0,89101.07391546,161392.7124117,219580.1254476,266597.58237119997,2024-11-17,AC
0.0,0.0,0.0,0.0,174.794448231,88186.70800935,174843.4653702,225630.7104798,256191.5564586,2024-11-24,AC
0.0,0.0,0.0,0.0,0.0,86810.6140551,164438.2532187,228718.5987762,275125.766787,2024-12-01,AC
0.0,0.0,0.0,0.0,3001.6334492640003,89734.90445819999,177601.7804211,225648.1026288,276259.7508579,2024-12-08,AC
0.0,0.0,0.0,0.0,4995.193210533001,95092.49053764,181641.848985,233830.0237185,276584.7127905,2024-12-15,AC
0.0,0.0,0.0,0.0,4747.992214356,98664.94803933,187192.9602189,232013.7887238,275624.9374194,2024-12-22,AC
0.0,0.0,0.0,0.0,319.14668408669996,91475.37989010001,176330.0313828,231015.5272395,262478.6587611,2024-12-29,AC
0.0,0.0,0.0,0.0,1129.2109152777,100458.00998999999,174256.887222,222730.9924707,255171.56276610002,2025-01-05,AC
0.0,0.0,0.0,0.0,1486.9987420319999,88777.54324503,174409.3637136,220889.86596,259921.4224824,2025-01-12,AC
0.0,0.0,0.0,0.0,2005.803515043,91160.20862045999,171598.4254449,236285.58772799998,278528.0221656,2025-01-19,AC
0.0,0.0,0.0,0.0,0.0,92972.5567092,176309.6713992,217424.8552401,266147.2054926,2025-01-26,AC
0.0,0.0,0.0,0.0,6366.017981880001,100482.1196571,173824.4130876,231991.5778326,273899.061819,2025-02-02,AC
0.0,0.0,0.0,0.0,3527.119200906,95898.93097896,173186.9349804,228568.898646,267241.3471818,2025-02-09,AC
0.0,0.0,0.0,0.0,0.0,86464.24860995999,175245.0006267,223729.2379989,253225.0781271,2025-02-16,AC
0.0,0.0,0.0,0.0,0.0,94082.52684959999,169327.09056600003,210589.9800246,247826.7625068,2025-02-23,AC
0.0,0.0,0.0,0.0,2714.1964344,89677.14975864,165310.01474219997,225084.2778792,265956.8492196,2025-03-02,AC
0.0,0.0,0.0,0.0,0.0,77113.28789766,162215.58444479998,213176.5914834,257157.5227965,2025-03-09,AC
0.0,0.0,0.0,0.0,671.6161193256,98089.58702943,171485.91898380002,218812.0466619,260082.85034610002,2025-03-16,AC
0.0,0.0,0.0,0.0,234.8563200705,98442.3397014,169610.6783313,210839.7887262,266009.0575788,2025-03-23,AC
0.0,0.0,0.0,0.0,0.0,84046.9537107,180525.36875579998,227801.9686995,270746.93426400004,2025-03-30,AC
0.0,0.0,0.0,0.0,0.0,85648.52650527001,163090.37762729998,212121.89327340003,267562.6711236,2025-04-06,AC
0.0,0.0,0.0,0.0,1496.9030124239998,92047.33746387,182177.2080522,229098.44969280003,269658.44103419996,2025-04-13,AC
0.0,0.0,0.0,0.0,648.6615302607,94170.81992895,170083.29801330002,219804.73946729998,269851.89279059996,2025-04-20,AC
0.0,0.0,0.0,0.0,0.0,85478.52383343,165134.6731593,220527.5986656,268097.8706298,2024-10-06,TO
0.0,0.0,0.0,0.0,0.0,83258.7861951,158535.58921155002,211496.33437290002,251564.03216099998,2024-10-13,TO
0.0,0.0,0.0,0.0,0.0,84008.18836575,176549.69901150002,236736.3954213,293681.0037843,2024-10-20,TO
0.0,0.0,0.0,0.0,6639.348527856,100037.3752818,176866.5552453,216900.7930917,283129.1710299,2024-10-27,TO
0.0,0.0,0.0,0.0,0.0,83024.3432178,161252.8731513,217161.99444870002,250206.3435681,2024-11-03,TO
0.0,0.0,0.0,0.0,2602.6344148589997,90423.2825244,184602.8862864,225168.4782189,276803.6304825,2024-11-10,TO
0.0,0.0,0.0,0.0,0.0,89229.2556492,161495.2303542,219661.9802406,266662.7630397,2024-11-17,TO
0.0,0.0,0.0,0.0,322.2928281042,88323.87940983001,174970.44401399998,225751.7215422,256309.0093107,2024-11-24,TO
0.0,0.0,0.0,0.0,0.0,86940.51904764,164545.8292449,228807.6976386,275201.4944376,2024-12-01,TO
0.0,0.0,0.0,0.0,3161.721160125,89862.52932405,177696.543699,225724.8674259,276317.59172039997,2024-12-08,TO
0.0,0.0,0.0,0.0,5144.223344094,95232.4351083,181773.08790749998,233955.997128,276706.3620969,2024-12-15,TO
0.0,0.0,0.0,0.0,4904.169085107,98783.4651633,187275.9638511,232078.8417435,275672.4706413,2024-12-22,TO
0.0,0.0,0.0,0.0,476.49679091459996,91623.73970790001,176470.0302042,231150.10098689998,262610.1529812,2024-12-29,TO
0.0,0.0,0.0,0.0,1292.533613721,100585.65879,174358.0329399,222814.74603960002,255243.6364698,2025-01-05,TO
0.0,0.0,0.0,0.0,1646.011490436,88911.99413046,174519.7639695,220987.19817000002,260007.77689560002,2025-01-12,TO
0.0,0.0,0.0,0.0,2162.5458699779997,91296.1609749,171715.6070433,236387.6748558,278620.2643797,2025-01-19,TO
0.0,0.0,0.0,0.0,0.0,93100.3969824,176413.6892151,217517.0814981,266225.5180314,2025-01-26,TO
0.0,0.0,0.0,0.0,6525.017327160001,100606.24694583,173921.37830729998,232067.01827340003,273958.9929306,2025-02-02,TO
0.0,0.0,0.0,0.0,3688.7503453199997,96016.25299103999,173267.2101195,228622.6228347,267276.5144262,2025-02-09,TO
0.0,0.0,0.0,0.0,24.28134037551,86590.82356443,175336.6524651,223801.79038559998,253286.01447300002,2025-02-16,TO
0.0,0.0,0.0,0.0,0.0,94206.9844296,169426.5608934,210675.7440621,247900.1605668,2025-02-23,TO
0.0,0.0,0.0,0.0,2876.353810992,89785.39913226,165371.36594669998,225108.56306339998,265955.796117,2025-03-02,TO
0.0,0.0,0.0,0.0,0.0,77235.54991829999,162294.5671398,213229.6455159,257188.17446460002,2025-03-09,TO
0.0,0.0,0.0,0.0,833.2301747565,98230.0118787,171610.3606077,218926.2125574,260188.01700119997,2025-03-16,TO
0.0,0.0,0.0,0.0,393.3765196236,98550.28271789999,169681.95423,210889.8270558,266030.6940504,2025-03-23,TO
0.0,0.0,0.0,0.0,0.0,84144.57951294,180546.46272,227785.53391650002,270696.4491636,2025-03-30,TO
0.0,0.0,0.0,0.0,0.0,85769.46257399999,163177.75323089998,212188.0313079,267604.8111837,2025-04-06,TO
0.0,0.0,0.0,0.0,1662.2484177959998,92163.67019774999,182244.7980918,229140.6535773,269678.7052812,2025-04-13,TO
0.0,0.0,0.0,0.0,804.7052792694001,94291.6953645,170175.60405179998,219878.3449566,269906.6700819,2025-04-20,TO
0.0,0.0,0.0,0.0,0.0,84814.34638409999,162671.24279249998,216812.93880509998,263308.7110392,2024-10-06,MT
0.0,0.0,0.0,0.0,0.0,82665.87347519999,156253.0611285,208025.0688618,247193.44894170001,2024-10-13,MT
0.0,0.0,0.0,0.0,767.1031340093999,83359.25377875,173825.2268487,232662.0531546,288329.4714492,2024-10-20,MT
0.0,0.0,0.0,0.0,7762.924434726,99099.4916799,174232.953072,213383.5580565,278150.1657615,2024-10-27,MT
0.0,0.0,0.0,0.0,0.0,82389.60955980001,158859.888966,213512.403564,245814.0440967,2024-11-03,MT
0.0,0.0,0.0,0.0,3792.2331531869995,89636.7106188,181697.057091,221349.8164986,271823.06151629996,2024-11-10,MT
0.0,0.0,0.0,0.0,0.0,88456.5974628,159087.4708203,215938.1137104,261875.4224445,2024-11-17,MT
0.0,0.0,0.0,0.0,1559.597880105,87608.3073624,172332.0869229,221986.4329764,251865.6184071,2024-11-24,MT
0.0,0.0,0.0,0.0,0.0,86266.69454025,162142.3619019,224971.94693520002,270331.756542,2024-12-01,MT
0.0,0.0,0.0,0.0,4345.5460241069995,89101.51111260001,174965.25828150002,221916.22613640002,271374.0887745,2024-12-08,MT
0.0,0.0,0.0,0.0,6267.797655353999,94297.7108142,178861.09965750002,229851.7531299,271625.3813934,2024-12-15,MT
0.0,0.0,0.0,0.0,6047.650386288,97798.9418811,184285.5354135,228072.8554092,270678.3389901,2024-12-22,MT
0.0,0.0,0.0,0.0,1724.3830668060002,90767.9183283,173655.9166716,227073.9556809,257807.8774764,2024-12-29,MT
0.0,0.0,0.0,0.0,2528.7099631200003,99584.25395399999,171694.178001,219058.903485,250757.0204913,2025-01-05,MT
0.0,0.0,0.0,0.0,2888.950673259,88197.77835153001,171885.58737660001,217310.8329495,255456.2993706,2025-01-12,MT
0.0,0.0,0.0,0.0,3350.107493019,90474.01175313,169080.23374290002,232294.1374008,273574.4987889,2025-01-19,MT
0.0,0.0,0.0,0.0,1098.5017733055,92242.20931317001,173664.29362409998,213834.6529596,261437.4115434,2025-01-26,MT
0.0,0.0,0.0,0.0,7640.967335157,99593.59944177001,171249.9761331,228080.0516103,269024.2179714,2025-02-02,MT
0.0,0.0,0.0,0.0,4878.721658583,95118.43515624,170622.5184567,224726.1751269,262506.0075165,2025-02-09,MT
0.0,0.0,0.0,0.0,1300.860144945,85863.124881,172554.1958349,219897.236979,248698.795284,2025-02-16,MT
0.0,0.0,0.0,0.0,0.0,93345.18908616,166896.2425554,207230.4391257,243629.1593676,2025-02-23,MT
0.0,0.0,0.0,0.0,4064.6744657100003,88976.0642544,162824.660694,221188.7715813,261097.1317548,2025-03-02,MT
0.0,0.0,0.0,0.0,0.0,76742.52717123,159881.0474538,209666.1218346,252632.1494511,2025-03-09,MT
0.0,0.0,0.0,0.0,2073.290159115,97259.85546893999,168975.0032634,215217.1213758,255542.58995939998,2025-03-16,MT
0.0,0.0,0.0,0.0,1616.031893268,97545.2877594,167062.61681009998,207335.3026149,261224.7486426,2025-03-23,MT
0.0,0.0,0.0,0.0,0.0,83517.8175225,177761.8998846,223943.60820239998,265894.03005390003,2025-03-30,MT
0.0,0.0,0.0,0.0,0.0,85095.58062465,160763.5314765,208671.9131997,262842.761007,2025-04-06,MT
0.0,0.0,0.0,0.0,2897.312467464,91326.44565269999,179344.8566973,225166.898565,264776.7041514,2025-04-13,MT
0.0,0.0,0.0,0.0,2030.560201998,93392.62657145999,167551.75105559998,216124.7681682,265015.9658709,2025-04-20,MT
0.0,0.0,0.0,0.0,0.0,85226.7317886,164932.8923187,220360.57021079998,267960.7439064,2024-10-06,AM
0.0,0.0,0.0,0.0,0.0,83009.71147410001,158339.18557665,211336.94889,251432.6815458,2024-10-13,AM
0.0,0.0,0.0,0.0,0.0,83769.45479316001,176386.50002069998,236622.35717459998,293613.4137447,2024-10-20,AM
0.0,0.0,0.0,0.0,6338.667949991999,99784.05623819999,176652.216954,216706.76691570002,282968.7164883,2024-10-27,AM
0.0,0.0,0.0,0.0,0.0,82759.2326163,161025.19556040002,216961.0592814,250021.20493980002,2024-11-03,AM
0.0,0.0,0.0,0.0,2299.082696361,90208.5612867,184483.4229657,225090.0539874,276777.4465224,2024-11-10,AM
0.0,0.0,0.0,0.0,0.0,88988.446188,161311.7830725,219524.7099123,266562.7821171,2024-11-17,AM
0.0,0.0,0.0,0.0,27.66847575375,88072.59157776,174761.8339626,225568.13065560002,256140.4490703,2024-11-24,AM
0.0,0.0,0.0,0.0,0.0,86690.48057819999,164346.29821439998,228649.9875462,275074.0051986,2024-12-01,AM
0.0,0.0,0.0,0.0,2855.95361802,89617.20428655,177512.4581733,225574.257798,276202.2291174,2024-12-08,AM
0.0,0.0,0.0,0.0,4848.394537557,94973.80268339999,181550.1492783,233754.63114599997,276522.6276054,2024-12-15,AM
0.0,0.0,0.0,0.0,4604.840627157,98544.1874877,187093.26650610002,231924.78559800002,275546.32171469997,2024-12-22,AM
0.0,0.0,0.0,0.0,163.4461827012,91359.01843524,176250.282795,230959.3777236,262436.0878863,2024-12-29,AM
0.0,0.0,0.0,0.0,979.7256658764,100351.1519883,174181.7180349,222676.630038,255131.1300087,2025-01-05,AM
0.0,0.0,0.0,0.0,1342.842239655,88654.46905890001,174307.0212882,220798.70876069998,259839.69533820002,2025-01-12,AM
0.0,0.0,0.0,0.0,1867.417855353,91040.0177016,171494.5991022,236194.9411239,278446.0078116,2025-01-19,AM
0.0,0.0,0.0,0.0,0.0,92861.0235702,176226.9390207,217356.29187840002,266095.53964080004,2025-01-26,AM
0.0,0.0,0.0,0.0,6222.10034232,100372.4374257,173741.4413676,231929.7798573,273852.5338314,2025-02-02,AM
0.0,0.0,0.0,0.0,3388.9420874429998,95769.79507044001,173065.3654545,228452.78610630002,267129.0162378,2025-02-09,AM
0.0,0.0,0.0,0.0,0.0,86358.07193373,175176.7723431,223681.7207331,253190.1502242,2025-02-16,AM
0.0,0.0,0.0,0.0,0.0,93971.9351205,169243.0178751,210520.45929690002,247770.3417372,2025-02-23,AM
0.0,0.0,0.0,0.0,2574.6815615130004,89553.8346354,165200.7952377,224986.1797764,265866.3781326,2025-03-02,AM
0.0,0.0,0.0,0.0,0.0,76995.6339987,162125.51226030002,213103.00195019998,257098.1661045,2025-03-09,AM
0.0,0.0,0.0,0.0,529.25426334,97980.187221,171401.3197416,218743.49925629998,260028.24857189998,2025-03-16,AM
0.0,0.0,0.0,0.0,87.53352750414,98337.6357732,169536.83350049998,210783.83068349998,265977.0496422,2025-03-23,AM
0.0,0.0,0.0,0.0,0.0,83879.1753192,180333.54452159998,227598.35290740003,270532.6119288,2025-03-30,AM
0.0,0.0,0.0,0.0,0.0,85533.94255995,163006.68788279998,212057.7497514,267520.6587123,2025-04-06,AM
0.0,0.0,0.0,0.0,1358.0622049815001,91926.67584006,182074.6422414,229005.3139371,269573.4428895,2025-04-13,AM
0.0,0.0,0.0,0.0,504.09032884469997,94089.9145239,170054.05048200002,219809.38269240002,269890.570377,2025-04-20,AM
0.0,0.0,0.0,0.0,0.0,85981.50956934,165792.43146959998,221292.9808704,268955.70247799996,2024-10-06,AL
0.0,0.0,0.0,0.0,0.0,83746.92477996,159167.7140472,212229.7565094,252374.10740190002,2024-10-13,AL
0.0,0.0,0.0,0.0,0.0,84500.08620777,177218.1957771,237519.76015080002,294573.061467,2024-10-20,AL
0.0,0.0,0.0,0.0,6988.07770965,100532.6685819,177482.412837,217579.46984910002,283911.7698666,2024-10-27,AL
0.0,0.0,0.0,0.0,0.0,83496.53846754001,161852.5512576,217852.7659299,250950.9509307,2024-11-03,AL
0.0,0.0,0.0,0.0,2940.3909058050003,90943.23438144,185318.24611769998,225967.99052159998,277710.2720406,2024-11-10,AL
0.0,0.0,0.0,0.0,0.0,89709.1353567,162096.82319250001,220361.5435329,267441.4845441,2024-11-17,AL
0.0,0.0,0.0,0.0,671.3735227812,88813.11258315,175597.678305,226459.83730410002,257065.8071337,2024-11-24,AL
0.0,0.0,0.0,0.0,0.0,87425.83340280001,165165.83542259998,229539.17313090002,276013.4684544,2024-12-01,AL
0.0,0.0,0.0,0.0,3503.6034198479997,90366.01608150001,178363.7480205,226481.58546839998,277168.62627,2024-12-08,AL
0.0,0.0,0.0,0.0,5483.673096372,95689.36515717,182342.86428240003,234593.8422255,277399.9578078,2024-12-15,AL
0.0,0.0,0.0,0.0,5240.550160233,99266.2169688,187896.6720972,232769.4057954,276431.0236353,2024-12-22,AL
0.0,0.0,0.0,0.0,805.114808532,92087.9026569,177060.34207980003,231821.74110420002,263328.54447150003,2024-12-29,AL
0.0,0.0,0.0,0.0,1621.411492383,101100.75999264,175011.4990593,223559.0821485,256048.82914410002,2025-01-05,AL
0.0,0.0,0.0,0.0,1976.3404966125,89384.8435803,175132.398429,221675.71984109998,260760.011274,2025-01-12,AL
0.0,0.0,0.0,0.0,2506.331213748,91776.33267902999,172318.8114477,237089.8549485,279387.0347652,2025-01-19,AL
0.0,0.0,0.0,0.0,180.5714659287,93632.9318199,177117.4330056,218305.29688200002,267113.84198669996,2025-01-26,AL
0.0,0.0,0.0,0.0,6867.313488117,101144.45098565999,174612.24552509998,232878.9284658,274858.1670339,2025-02-02,AL
0.0,0.0,0.0,0.0,4029.482170233,96541.5373767,173946.9080673,229412.976336,268144.1273637,2025-02-09,AL
0.0,0.0,0.0,0.0,350.7628824756,87107.5570761,176048.40621780002,224620.06706190002,254169.0729153,2025-02-16,AL
0.0,0.0,0.0,0.0,0.0,94721.0740155,170081.6226228,211408.0971399,248702.2737138,2025-02-23,AL
0.0,0.0,0.0,0.0,3208.66161291,90275.8481604,165999.3501744,225845.2562004,266766.8287239,2025-03-02,AL
0.0,0.0,0.0,0.0,0.0,77713.08407910001,162925.35964110002,213952.2334605,257989.98444569999,2025-03-09,AL
0.0,0.0,0.0,0.0,1165.6965962646,98728.7836086,172234.43559090002,219631.0732749,260963.3558124,2025-03-16,AL
0.0,0.0,0.0,0.0,731.978907255,99092.78213985,170372.21511599998,211665.7243305,266921.1082548,2025-03-23,AL
0.0,0.0,0.0,0.0,0.0,84625.4899845,181194.59950200003,228515.5893159,271500.9238134,2025-03-30,AL
0.0,0.0,0.0,0.0,0.0,86253.251526,163795.7329839,212890.97729339998,268403.78097900003,2025-04-06,AL
0.0,0.0,0.0,0.0,1996.2580175595,92667.46012110001,182917.5710922,229901.39255699998,270515.4910335,2025-04-13,AL
0.0,0.0,0.0,0.0,1154.232680922,94820.05927746,170849.142945,220646.98220579998,270770.9960628,2025-04-20,AL
0.0,0.0,0.0,0.0,3629.80691631,63998.481050999995,118323.1935306,156100.6165491,188543.0696643,2024-10-06,BA
0.0,0.0,0.0,0.0,3829.4298539459996,62473.56136083,113847.14846834999,149990.83917273,177335.55289259998,2024-10-13,BA
0.0,0.0,0.0,0.0,4921.262535915,62974.30207347,126561.75877530001,167917.4648676,207045.4441023,2024-10-20,BA
0.0,0.0,0.0,0.0,10418.84504334,74735.2130922,127641.8431404,155210.4895545,200817.1240722,2024-10-27,BA
0.0,0.0,0.0,0.0,2051.696130741,62065.6229214,115510.84314704999,153707.5685394,176283.26405370003,2024-11-03,BA
0.0,0.0,0.0,0.0,7385.4723582,67084.5343959,131106.327309,158682.16992420002,193782.9092994,2024-11-10,BA
0.0,0.0,0.0,0.0,3404.312439012,66604.76159427,116161.03028790001,156048.78156263998,188279.47489230003,2024-11-17,BA
0.0,0.0,0.0,0.0,5766.91429518,66202.23067712999,125706.9904983,160581.1692096,181566.4404564,2024-11-24,BA
0.0,0.0,0.0,0.0,3814.846297668,65329.3314837,118415.7867789,162374.57102519998,194110.56781289997,2024-12-01,BA
0.0,0.0,0.0,0.0,7624.767266388,67051.19731617,127254.3492519,160173.90571320002,194851.1382822,2024-12-08,BA
0.0,0.0,0.0,0.0,9135.530066394,70989.47394011999,130407.6894705,166236.10678620002,195588.2303217,2024-12-15,BA
0.0,0.0,0.0,0.0,8981.788734747,73209.86099172001,133752.50927153998,164404.6815843,194229.5045823,2024-12-22,BA
0.0,0.0,0.0,0.0,6034.215669210001,68287.56689393999,126237.39360084,163583.7402393,185070.89465550001,2024-12-29,BA
0.0,0.0,0.0,0.0,6695.587557477,74203.26065235,124359.82495335,157304.70055413002,179352.5475375,2025-01-05,BA
0.0,0.0,0.0,0.0,6992.085084165,66837.82117770001,125546.3763957,157413.05364240002,184172.78961089998,2025-01-12,BA
0.0,0.0,0.0,0.0,7041.049727795999,68041.35310167,123077.9517696,167337.5085009,196240.2125238,2025-01-19,BA
0.0,0.0,0.0,0.0,5529.15723591,69414.22871055,126485.1535392,154641.64501584,188007.7105971,2025-01-26,BA
0.0,0.0,0.0,0.0,10439.83050606,75196.41139781999,125659.5849252,165681.4887063,194515.9484895,2025-02-02,BA
0.0,0.0,0.0,0.0,8596.823728536001,72149.5589994,125324.5068252,163427.8650984,190034.88523379999,2025-02-09,BA
0.0,0.0,0.0,0.0,5948.490724155,65103.645214079996,125747.98969725,158866.61446215,179014.6132956,2025-02-16,BA
0.0,0.0,0.0,0.0,4333.985829657,70408.6048845,122243.26584005999,150668.5378212,176320.2662496,2025-02-23,BA
0.0,0.0,0.0,0.0,7623.397754325,67027.63973013,118692.321948,159524.00418654,187443.9975402,2025-03-02,BA
0.0,0.0,0.0,0.0,2463.4204740180003,58508.4497679,116937.1030797,151925.37588405,182121.3457461,2025-03-09,BA
0.0,0.0,0.0,0.0,6320.670426557999,73070.14618889999,123360.3109152,155787.541911,184065.74013599998,2025-03-16,BA
0.0,0.0,0.0,0.0,5935.18573017,73391.8052088,122275.8226665,150595.22751975,188489.8082025,2025-03-23,BA
0.0,0.0,0.0,0.0,3784.46460678,63360.20833002,129459.1950621,161849.1845205,191271.514896,2025-03-30,BA
0.0,0.0,0.0,0.0,3518.791233633,64709.912490480005,117874.86701085001,151535.7039879,189596.6190351,2025-04-06,BA
0.0,0.0,0.0,0.0,6929.805075083999,68884.08888366,130550.63059674,162653.9942484,190404.9869733,2025-04-13,BA
0.0,0.0,0.0,0.0,5980.337504145,69983.7258537,121935.6386145,155963.32069104,190213.8807636,2025-04-20,BA
0.0,0.0,0.0,0.0,6918.47720145,55667.64487122,99536.1463125,130042.32669270001,156240.40155876,2024-10-06,RS
0.0,0.0,0.0,0.0,6710.9263159679995,53726.08428468,94912.4355228,123888.94767747,145811.25525726,2024-10-13,RS
0.0,0.0,0.0,0.0,7154.661787065,53713.692777419994,104711.3637426,137878.9896906,169259.9632533,2024-10-20,RS
0.0,0.0,0.0,0.0,12324.90011616,63516.5589627,105626.7811557,127569.657744,163869.5618586,2024-10-27,RS
0.0,0.0,0.0,0.0,5292.256700088,53463.705367500006,96362.62800984,127022.05556127,145142.89890534,2024-11-03,RS
0.0,0.0,0.0,0.0,9044.000930402999,56956.3680087,108338.00337306,130469.3917092,158640.013908,2024-11-10,RS
0.0,0.0,0.0,0.0,6582.789099747,57248.25613722,96975.6869016,128952.22189680001,154790.3813976,2024-11-17,RS
0.0,0.0,0.0,0.0,8372.211144885,56663.75387763,104211.73038329999,132078.3410088,148846.8777525,2024-11-24,RS
0.0,0.0,0.0,0.0,6666.87184299,55777.39730946,98159.36624595,133254.1619739,158590.82603853,2024-12-01,RS
0.0,0.0,0.0,0.0,9597.517082037,56659.54625406,104336.67621996,130406.9076216,157869.1268487,2024-12-08,RS
0.0,0.0,0.0,0.0,10906.543878084,60223.7943423,107598.99341034,136165.6396287,159568.5951036,2024-12-15,RS
0.0,0.0,0.0,0.0,11132.65872855,62385.2236044,110696.91171120001,135156.6396891,158956.19360316,2024-12-22,RS
0.0,0.0,0.0,0.0,8656.12521243,58379.46065550001,104665.46602095,134494.9561782,151657.2735138,2024-12-29,RS
0.0,0.0,0.0,0.0,9242.34594399,62988.39290538,102920.40799713,129149.3754684,146702.71937304,2025-01-05,RS
0.0,0.0,0.0,0.0,9418.323537036,57303.711562770004,104279.1927741,129777.22087803,151188.95400075,2025-01-12,RS
0.0,0.0,0.0,0.0,9190.215290997,58236.3184824,102487.41050265,138073.4466813,161312.08623840002,2025-01-19,RS
0.0,0.0,0.0,0.0,8244.408687641999,59288.88814866,104888.84344289999,127386.003033,154045.65436425002,2025-01-26,RS
0.0,0.0,0.0,0.0,12180.029099625,64181.67941754,104705.2685124,136844.17916364,159999.1864182,2025-02-02,RS
0.0,0.0,0.0,0.0,10657.61371935,61034.89715604,103185.85846356,133389.80477999998,154480.79157174,2025-02-09,RS
0.0,0.0,0.0,0.0,8701.38469008,55447.75545273,103370.9396499,129542.3742114,145464.0090354,2025-02-16,RS
0.0,0.0,0.0,0.0,7073.17637778,59512.571927729994,100650.5682048,123209.972541,143568.20097,2025-02-23,RS
0.0,0.0,0.0,0.0,9470.238942240001,56763.07900452,97894.30670397,130401.1793817,152628.81650865,2025-03-02,RS
0.0,0.0,0.0,0.0,5515.28021574,49986.973296539996,96350.07375036,124113.24736200001,148073.724927,2025-03-09,RS
0.0,0.0,0.0,0.0,8624.64063591,61484.1826374,101309.44982454,126988.88123376001,149382.6516783,2025-03-16,RS
0.0,0.0,0.0,0.0,8400.135436812001,61957.616080499996,100769.2815888,123253.60290084,153340.17933689998,2025-03-23,RS
0.0,0.0,0.0,0.0,6809.462413713,54299.039114700005,106988.48111214,132807.48212367,156260.8796175,2025-03-30,RS
0.0,0.0,0.0,0.0,6565.013844786,55439.590716360006,97903.49422635,124789.09510287,155189.0924244,2025-04-06,RS
0.0,0.0,0.0,0.0,9183.066319953,58624.35966513,107836.03084949999,133455.42743247,155601.51931476,2025-04-13,RS
0.0,0.0,0.0,0.0,8306.62918047,59186.7116667,100486.3639797,127536.98603364,154764.77823954,2025-04-20,RS
0.0,0.0,0.0,0.0,6420.604597785,31345.33401774,53774.65465308,69372.01046556,82766.70645354,2024-10-06,MG
0.0,0.0,0.0,0.0,0.0,22227.134509800002,43527.4270389,58513.16639106,69850.70623044,2024-10-13,MG
0.0,0.0,0.0,0.0,0.0,16596.75496671,41858.44450866,58288.0322025,73832.58608886,2024-10-20,MG
0.0,0.0,0.0,0.0,0.0,17491.109689566,38204.67153015,48998.119528799994,66853.63845962999,2024-10-27,MG
0.0,0.0,0.0,0.0,0.0,10267.67535633,31237.25856561,46224.004747679995,55081.72251873,2024-11-03,MG
0.0,0.0,0.0,0.0,0.0,18573.20516151,44024.92547202,54987.63418386,68941.86113493,2024-11-10,MG
0.0,0.0,0.0,0.0,0.0,12685.202416844999,31678.00274664,46965.280476600004,59317.92825065999,2024-11-17,MG
0.0,0.0,0.0,0.0,0.0,12749.31003762,36008.23458465,49639.68558882,57842.30971827,2024-11-24,MG
0.0,0.0,0.0,0.0,0.0,11182.016530485,31863.896098470002,48989.726620199996,61353.7096077,2024-12-01,MG
0.0,0.0,0.0,0.0,1381.197353274,25505.650332899997,49945.41244287,63309.26050272,77386.66375896,2024-12-08,MG
0.0,0.0,0.0,0.0,2128.970565675,26226.30280257,49374.705827339996,63332.90903853,74768.02202502,2024-12-15,MG
0.0,0.0,0.0,0.0,3048.6291101549996,28190.65667796,51890.035005000005,63888.79243716,75563.70486372,2024-12-22,MG
0.0,0.0,0.0,0.0,944.4831086844,25378.952516459998,48124.2837123,62782.74590175,71216.45903628,2024-12-29,MG
0.0,0.0,0.0,0.0,11280.686659469999,38301.884069399995,58377.9767382,71564.76793439999,80389.83154680001,2025-01-05,MG
0.0,0.0,0.0,0.0,8021.841037767,31716.79202574,54961.4885184,67578.5831202,78173.66967048,2025-01-12,MG
0.0,0.0,0.0,0.0,1518.222276756,25903.8507645,47905.4138886,65598.72310683,77152.9292325,2025-01-19,MG
0.0,0.0,0.0,0.0,8363.371146363,34655.46206616,58143.171557429996,69731.05462776,83462.96683314,2025-01-26,MG
0.0,0.0,0.0,0.0,19044.82599165,45614.10995055,66318.8809374,82739.6704377,94570.28408366999,2025-02-02,MG
0.0,0.0,0.0,0.0,22194.2330316,48787.06181166,71037.4347855,86981.29645679999,98114.67640107,2025-02-09,MG
0.0,0.0,0.0,0.0,15639.273284985,40265.99381646,65512.67505075,79300.19266902,87687.95542677002,2025-02-16,MG
0.0,0.0,0.0,0.0,14446.956105899999,41917.07679372,63467.01208098001,75284.65022642999,85949.2080405,2025-02-23,MG
0.0,0.0,0.0,0.0,15142.14104436,39454.6325139,60599.5285851,77310.7988859,88737.6641643,2025-03-02,MG
0.0,0.0,0.0,0.0,11390.15827035,34623.59454324,58845.16177254,73349.53430868,85867.24953285,2025-03-09,MG
0.0,0.0,0.0,0.0,12718.98068274,40165.22466252,60843.685636079994,74177.22029715001,85804.725555,2025-03-16,MG
0.0,0.0,0.0,0.0,12329.913522780002,39504.63574008,59197.42937907,70605.82706733,85871.55767985,2025-03-23,MG
0.0,0.0,0.0,0.0,6944.211837774,31039.63907589,57773.39213115,70873.53053507999,82773.39365505001,2025-03-30,MG
0.0,0.0,0.0,0.0,5829.02501004,30596.49828864,52115.33035017,65739.7542879,81145.1454525,2025-04-06,MG
0.0,0.0,0.0,0.0,4246.2054198000005,29579.931966419997,54796.007805299996,67923.38327193,79271.04725676001,2025-04-13,MG
0.0,0.0,0.0,0.0,1450.698135849,27956.02222746,49470.54454638,63562.214151629996,77746.18819977,2025-04-20,MG
0.0,0.0,0.0,0.0,16893.98200629,48345.71449005,76648.5728676,96330.3903054,113232.72692565,2024-10-06,PR
0.0,0.0,0.0,0.0,16917.99593679,47192.98359726,73714.55881716,92373.7242762,106490.4050682,2024-10-13,PR
0.0,0.0,0.0,0.0,18454.685644125002,48557.49501852,81530.11349037,102974.69543616001,123264.10201464,2024-10-20,PR
0.0,0.0,0.0,0.0,21820.60818522,54715.23164466,81774.33596135999,95874.32667276,119199.8376207,2024-10-27,PR
0.0,0.0,0.0,0.0,15971.70187458,47100.875414400005,74822.85516267,94635.47911266,106345.45187775,2024-11-03,PR
0.0,0.0,0.0,0.0,20682.68614884,51498.432420749996,84545.50843763999,98779.7314359,116898.20689473,2024-11-10,PR
0.0,0.0,0.0,0.0,17350.80514929,49757.183118,75167.42873777999,95620.08855779999,112146.56169084,2024-11-17,PR
0.0,0.0,0.0,0.0,18917.781927840002,49885.51483908,80376.4124667,98246.33975583,108999.44594685,2024-11-24,PR
0.0,0.0,0.0,0.0,19182.50958294,50587.538562,77689.79455554001,100132.09707383999,116334.2975778,2024-12-01,PR
0.0,0.0,0.0,0.0,21736.230732810003,52287.73441506,83238.5538603,100162.70246925,117990.5088456,2024-12-08,PR
0.0,0.0,0.0,0.0,23769.282001139996,55682.4648969,86338.94695227001,104824.4127111,119968.46848746,2024-12-15,PR
0.0,0.0,0.0,0.0,24128.61656436,57414.904836839996,88791.2128359,104676.7390056,120133.4928561,2024-12-22,PR
0.0,0.0,0.0,0.0,21308.56098012,53668.74603933,83791.89066537,103205.0759904,114374.3938587,2024-12-29,PR
0.0,0.0,0.0,0.0,23134.67599194,57254.4917811,82604.6818317,99255.71785500001,110399.1708852,2025-01-05,PR
0.0,0.0,0.0,0.0,24107.0981679,54760.79747943,84832.0257429,101154.50971109999,114861.17457945,2025-01-12,PR
0.0,0.0,0.0,0.0,22662.129707999997,53925.545108340004,82132.4929644,104816.07564885,119629.0567107,2025-01-19,PR
0.0,0.0,0.0,0.0,20524.025072880002,53673.20098245,83286.60246422999,97896.65703749999,115209.88716690001,2025-01-26,PR
0.0,0.0,0.0,0.0,24441.847572240004,58031.65597014,84207.35081034001,104967.08417925001,119923.75949526,2025-02-02,PR
0.0,0.0,0.0,0.0,26607.42222912,59897.34530118,87751.21976766,107710.35262785,121647.5352729,2025-02-09,PR
0.0,0.0,0.0,0.0,26410.121861400003,57021.10190640001,88402.68180090001,105540.5543913,115966.53181134001,2025-02-16,PR
0.0,0.0,0.0,0.0,24474.73468995,59394.121819379994,86787.90214236,101810.2096845,115366.75796844001,2025-02-23,PR
0.0,0.0,0.0,0.0,25093.29524499,56236.46866694999,83322.10638234,104728.4686818,119365.75553094,2025-03-02,PR
0.0,0.0,0.0,0.0,23747.774773949997,53284.438584,84077.31816899999,102516.72185835,118430.4983031,2025-03-09,PR
0.0,0.0,0.0,0.0,27812.62316115,62904.57072525,89343.4375008,106391.29375305,121257.86497236001,2025-03-16,PR
0.0,0.0,0.0,0.0,27052.60061034,61928.054214029995,87201.362988,101842.6484358,121434.36177690001,2025-03-23,PR
0.0,0.0,0.0,0.0,26113.086295020003,57372.01164882001,92053.6289541,109048.4072397,124486.06961655,2025-03-30,PR
0.0,0.0,0.0,0.0,27936.8015094,59469.76011582,86866.6678344,104212.76274297001,123826.2609474,2025-04-06,PR
0.0,0.0,0.0,0.0,29938.78944225,62255.723896799995,94422.5672967,111168.48467304,125644.11548625,2025-04-13,PR
0.0,0.0,0.0,0.0,27123.91001685,59944.87533186,86585.83090074,104035.23996119999,121598.94256596001,2025-04-20,PR
0.0,0.0,0.0,0.0,0.0,85662.56308644,165219.6393918,220543.6664583,268054.7891598,2024-10-06,PA
0.0,0.0,0.0,0.0,0.0,83449.04673150001,158640.59471004,211541.3305749,251563.6332585,2024-10-13,PA
0.0,0.0,0.0,0.0,0.0,84201.01623864,176646.3451092,236770.49360699998,293655.8888829,2024-10-20,PA
0.0,0.0,0.0,0.0,6925.046806503,100212.33391829999,176950.4205069,216937.1889558,283087.03096979996,2024-10-27,PA
0.0,0.0,0.0,0.0,0.0,83214.6516225,161350.8595614,217194.0183414,250199.3228841,2024-11-03,PA
0.0,0.0,0.0,0.0,2889.01784844,90626.82810966,184717.6106454,225244.9398501,276831.3940965,2024-11-10,PA
0.0,0.0,0.0,0.0,0.0,89414.18206137,161599.7428092,219701.7907101,266650.2534573,2024-11-17,PA
0.0,0.0,0.0,0.0,612.8617541445,88518.70339082999,175071.0153123,225797.0368662,256321.0561662,2024-11-24,PA
0.0,0.0,0.0,0.0,0.0,87134.59149633,164655.7348617,228847.9070106,275191.41018239997,2024-12-01,PA
0.0,0.0,0.0,0.0,3443.795010657,90042.6976272,177773.452101,225745.30719,276278.56309979997,2024-12-08,PA
0.0,0.0,0.0,0.0,5427.00309249,95391.0227862,181812.3877818,233923.38285959998,276614.8219512,2024-12-15,PA
0.0,0.0,0.0,0.0,5187.616915410001,98956.9398825,187345.7558325,232096.15411200002,275638.7234898,2024-12-22,PA
0.0,0.0,0.0,0.0,764.6381080326,91795.5390366,176533.5354822,231143.7983274,262563.7047741,2024-12-29,PA
0.0,0.0,0.0,0.0,1571.9731121430002,100739.5553745,174418.66611989998,222814.09183949998,255202.022961,2025-01-05,PA
0.0,0.0,0.0,0.0,1932.075802017,89109.5370309,174630.4514352,221050.73536020002,260031.7270017,2025-01-12,PA
0.0,0.0,0.0,0.0,2450.5650431505,91482.40855215,171810.03524310002,236408.27418089999,278592.6124584,2025-01-19,PA
0.0,0.0,0.0,0.0,127.8837854847,93261.51370215,176461.2703053,217508.6566773,266150.7477468,2025-01-26,PA
0.0,0.0,0.0,0.0,6801.230980845,100776.66926309999,174009.36024270003,232089.5961549,273934.4524488,2025-02-02,PA
0.0,0.0,0.0,0.0,3977.781215013,96178.903092,173324.09361600003,228603.7308123,267204.7279323,2025-02-09,PA
0.0,0.0,0.0,0.0,313.81436289600003,86811.89692554,175487.50143449998,223914.3128028,253375.22502810002,2025-02-16,PA
0.0,0.0,0.0,0.0,0.0,94393.36763369999,169537.6951299,210745.5998679,247932.7588791,2025-02-23,PA
0.0,0.0,0.0,0.0,3158.305278237,89980.90762994999,165491.70685289998,225169.49940929998,265976.1241884,2025-03-02,PA
0.0,0.0,0.0,0.0,0.0,77444.61631416,162424.99230120002,213312.96827009998,257230.8729882,2025-03-09,PA
0.0,0.0,0.0,0.0,1113.4851734934,98404.4280078,171705.0760173,218969.5014567,260186.4852156,2025-03-16,PA
0.0,0.0,0.0,0.0,672.1167738753,98753.53151969999,169830.5214771,211006.7214444,266105.1771252,2025-03-23,PA
0.0,0.0,0.0,0.0,0.0,84335.92346853,180628.06221540002,227813.377311,270675.4190238,2025-03-30,PA
0.0,0.0,0.0,0.0,0.0,85967.69158674,163300.3279911,212262.70585589999,267625.3147722,2025-04-06,PA
0.0,0.0,0.0,0.0,1943.820289422,92366.56956096,182369.3673645,229224.4709706,269727.2596935,2025-04-13,PA
0.0,0.0,0.0,0.0,1089.4028232366,94497.05037150001,170316.5761953,219977.1451278,269963.011071,2025-04-20,PA
0.0,0.0,0.0,0.0,0.0,85357.08355193998,165043.1808819,220456.9131426,268045.10380710004,2024-10-06,RR
0.0,0.0,0.0,0.0,0.0,83119.45752990001,158410.44871047,211381.16324310002,251456.4082665,2024-10-13,RR
0.0,0.0,0.0,0.0,0.0,83891.82850650001,176479.14113730003,236695.6435419,293668.4303775,2024-10-20,RR
0.0,0.0,0.0,0.0,6496.037220095999,99906.99160626,176746.8047148,216786.59528399998,283024.11606749997,2024-10-27,RR
0.0,0.0,0.0,0.0,0.0,82871.3880432,161103.4442748,217015.1185482,250060.9515849,2024-11-03,RR
0.0,0.0,0.0,0.0,2447.920558917,90310.9675365,184536.06213960002,225121.23220680002,276781.3238547,2024-11-10,RR
0.0,0.0,0.0,0.0,0.0,89100.27611046,161389.05846479998,219574.2057345,266589.79579440004,2024-11-17,RR
0.0,0.0,0.0,0.0,172.7130707226,88189.7476464,174851.53915680002,225641.7361449,256204.385163,2024-11-24,RR
0.0,0.0,0.0,0.0,0.0,86812.0181919,164438.44469190002,228717.769059,275124.1871331,2024-12-01,RR
0.0,0.0,0.0,0.0,3006.222583185,89723.26607886,177573.74555340002,225611.0366085,276213.2388264,2024-12-08,RR
0.0,0.0,0.0,0.0,4987.85133024,95064.5928924,181594.25193869998,233770.52342160002,276515.4473604,2024-12-15,RR
0.0,0.0,0.0,0.0,4741.588712304,98639.63049545999,187149.7989684,231961.6122768,275563.9372491,2024-12-22,RR
0.0,0.0,0.0,0.0,319.3994127546,91477.11910499999,176333.1747345,231019.5322206,262483.20624960004,2024-12-29,RR
0.0,0.0,0.0,0.0,1134.548119035,100453.11146730001,174244.4095518,222713.5045851,255150.7400556,2025-01-05,RR
0.0,0.0,0.0,0.0,1488.6917640225001,88789.05078435,174430.5374583,220916.2573494,259952.2177554,2025-01-12,RR
0.0,0.0,0.0,0.0,2015.1391898115,91175.35095936,171618.8013846,236310.1441659,278555.32305269997,2025-01-19,RR
0.0,0.0,0.0,0.0,0.0,92973.1311288,176308.68212100002,217423.084113,266144.5248678,2025-01-26,RR
0.0,0.0,0.0,0.0,6366.86365518,100475.17875359999,173811.42482219997,231973.77082499999,273877.8082938,2025-02-02,RR
0.0,0.0,0.0,0.0,3533.65545771,95917.31878860001,173215.2411018,228604.321188,267281.73207090003,2025-02-09,RR
0.0,0.0,0.0,0.0,0.0,86482.09869903,175280.2316955,223773.94699109998,253275.5632275,2025-02-16,RR
0.0,0.0,0.0,0.0,0.0,94104.29097,169363.7736399,210634.8485778,247879.0346904,2025-02-23,RR
0.0,0.0,0.0,0.0,2715.074977266,89669.25468036,165294.4894569,225062.705232,265931.1439425,2025-03-02,RR
0.0,0.0,0.0,0.0,0.0,77112.23639067,162206.52138000002,213162.6937203,257139.46049129998,2025-03-09,RR
0.0,0.0,0.0,0.0,678.3270954246,98104.2618546,171506.5821333,218836.61905590002,260110.7735211,2025-03-16,RR
0.0,0.0,0.0,0.0,229.30123576769998,98463.97138617,169651.9886742,210892.5236367,266077.0784331,2025-03-23,RR
0.0,0.0,0.0,0.0,0.0,84046.9537107,180516.01848119998,227787.99115589997,270728.7921783,2025-03-30,RR
0.0,0.0,0.0,0.0,0.0,85656.74230116,163103.3499366,212137.8812856,267582.0737412,2025-04-06,RR
0.0,0.0,0.0,0.0,1495.66896765,92040.14604959999,182164.1240502,229082.28616350002,269639.6128362,2025-04-13,RR
0.0,0.0,0.0,0.0,648.5438221109999,94179.3963327,170098.93499130002,219825.01967039998,269876.7843066,2025-04-20,RR
0.0,0.0,0.0,0.0,0.0,85504.5753579,165058.38704519998,220380.1323894,267889.2765345,2024-10-06,RN
0.0,0.0,0.0,0.0,0.0,83287.35399654,158480.3252592,211382.0567847,251405.109405,2024-10-13,RN
0.0,0.0,0.0,0.0,0.0,84036.41630226,176480.9441766,236604.5820792,293489.4986721,2024-10-20,RN
0.0,0.0,0.0,0.0,6762.994899732,100021.4670501,176735.8588302,216710.2772577,282839.6954637,2024-10-27,RN
0.0,0.0,0.0,0.0,0.0,83011.9772403,161113.2253641,216931.34902320002,249921.92608560002,2024-11-03,RN
0.0,0.0,0.0,0.0,2722.7482657560004,90404.08095366001,184434.29413380002,224935.5191589,276488.7528051,2024-11-10,RN
0.0,0.0,0.0,0.0,0.0,89222.60195550001,161381.8143954,219462.6247272,266393.9665791,2024-11-17,RN
0.0,0.0,0.0,0.0,453.25555051320003,88326.11485943999,174845.9545218,225552.97236060002,256065.51922470002,2024-11-24,RN
0.0,0.0,0.0,0.0,0.0,86935.33491075,164426.01489,228592.94448869998,274918.2098382,2024-12-01,RN
0.0,0.0,0.0,0.0,3282.807694878,89868.4091469,177585.6966723,225550.1800431,276075.6812883,2024-12-08,RN
0.0,0.0,0.0,0.0,5267.747332683,95214.8514861,181619.9412597,233721.1073799,276404.52055320004,2024-12-15,RN
0.0,0.0,0.0,0.0,5022.685889955,98727.2677791,187055.0516466,231774.55891649998,275287.0670019,2024-12-22,RN
0.0,0.0,0.0,0.0,602.905387086,91568.26992186,176245.2406674,230816.2195944,262213.4683791,2024-12-29,RN
0.0,0.0,0.0,0.0,1410.173471313,100562.16502836,174229.68207150002,222617.4967314,255000.33785699998,2025-01-05,RN
0.0,0.0,0.0,0.0,1770.148193265,88902.86405003999,174379.89279689998,220776.3223524,259737.3369567,2025-01-12,RN
0.0,0.0,0.0,0.0,2296.529082117,91284.7204512,171572.9914215,236139.5415447,278303.23262880003,2025-01-19,RN
0.0,0.0,0.0,0.0,0.0,93109.91639166,176314.6497024,217364.4773577,266009.44052520004,2025-01-26,RN
0.0,0.0,0.0,0.0,6645.755061567001,100595.02502069999,173807.3241045,231871.3964874,273704.6207844,2025-02-02,RN
0.0,0.0,0.0,0.0,3818.5623137969997,95998.1364351,173125.3444344,228392.0412336,266984.007201,2025-02-09,RN
0.0,0.0,0.0,0.0,156.0849955272,86624.65368765,175270.01979149997,223680.3165963,253131.17647859998,2025-02-16,RN
0.0,0.0,0.0,0.0,0.0,94213.38920814,169332.8507181,210527.1608589,247702.0017609,2025-02-23,RN
0.0,0.0,0.0,0.0,2995.8220780829997,89800.5957219,165295.9095498,224961.4478214,265759.7116041,2025-03-02,RN
0.0,0.0,0.0,0.0,0.0,77280.73121106,162249.2996841,213130.1911446,257041.9846764,2025-03-09,RN
0.0,0.0,0.0,0.0,958.0469106114,98214.5663739,171489.2857209,218736.9891675,259939.389051,2025-03-16,RN
0.0,0.0,0.0,0.0,521.118886194,98583.78574107,169647.16993200002,210815.51949809998,265903.4122407,2025-03-23,RN
0.0,0.0,0.0,0.0,0.0,84179.53294559999,180471.9956013,227657.4383457,270519.6236634,2025-03-30,RN
0.0,0.0,0.0,0.0,0.0,85776.19604819998,163074.1343175,212014.5087204,267352.273989,2025-04-06,RN
0.0,0.0,0.0,0.0,1791.886943466,92187.2772477,182162.8316061,229003.7342832,269494.2687213,2025-04-13,RN
0.0,0.0,0.0,0.0,932.82392259,94303.1358882,170092.3610781,219733.08062219998,269698.9695282,2025-04-20,RN
0.0,0.0,0.0,0.0,292.0261647411,72132.93593442,136781.3057472,181737.7930143,220345.5076524,2024-10-06,RJ
0.0,0.0,0.0,0.0,456.2574673428,70450.83270315,131767.68052863,174906.90682379997,207544.12009560002,2024-10-13,RJ
0.0,0.0,0.0,0.0,2106.269662644,71089.71654276,146649.6110898,195791.90993820003,242286.99605999998,2024-10-20,RJ
0.0,0.0,0.0,0.0,8131.834891799999,84012.05772,146431.1082564,178956.50117940002,232763.0393115,2024-10-27,RJ
0.0,0.0,0.0,0.0,0.0,70039.13021973,133737.2488575,179261.62967969998,206168.2096365,2024-11-03,RJ
0.0,0.0,0.0,0.0,4700.60642682,75872.90855196,152198.70068583,185074.18161210002,226920.7611648,2024-11-10,RJ
0.0,0.0,0.0,0.0,17.70534650007,74875.8182454,133572.9967641,180818.25892740002,218994.07385070002,2024-11-17,RJ
0.0,0.0,0.0,0.0,2899.514249703,74283.37782606,144568.09955016,185760.11839500003,210547.12193999998,2024-11-24,RJ
0.0,0.0,0.0,0.0,346.3738699608,73594.50671637,136807.0110243,189150.7417767,226940.259519,2024-12-01,RJ
0.0,0.0,0.0,0.0,5188.7732539769995,75842.1037053,147418.9025391,186557.65214130003,227786.1562044,2024-12-08,RJ
0.0,0.0,0.0,0.0,7086.179801474999,80510.1245847,151042.71953547,193572.99084779999,228415.4967006,2024-12-15,RJ
0.0,0.0,0.0,0.0,6903.83588409,83349.98168904,155409.64242543,191892.7496934,227391.1629489,2024-12-22,RJ
0.0,0.0,0.0,0.0,3185.988154371,77514.1753365,146704.1171274,191294.3002068,216949.1560308,2024-12-29,RJ
0.0,0.0,0.0,0.0,4024.184745033,84604.69280376,144474.0606792,183798.6828903,210116.0998107,2025-01-05,RJ
0.0,0.0,0.0,0.0,4172.6624784119995,75201.55724007,144880.75932966,182702.24352269998,214462.4776263,2025-01-12,RJ
0.0,0.0,0.0,0.0,4650.042503286,76989.13188795,142255.971306,194742.5410656,229017.6799146,2025-01-19,RJ
0.0,0.0,0.0,0.0,2565.044396235,78221.34011484,145807.9427709,179152.4420874,218666.3993811,2025-01-26,RJ
0.0,0.0,0.0,0.0,8311.389363782999,84935.74677534,144647.2003203,192003.8360616,226122.7168233,2025-02-02,RJ
0.0,0.0,0.0,0.0,6221.9079117539995,81420.8509044,144340.2368685,189426.1281066,220908.9813678,2025-02-09,RJ
0.0,0.0,0.0,0.0,3042.6269040179995,73719.59456232,146175.81065640002,185745.02392439998,209817.3058821,2025-02-16,RJ
0.0,0.0,0.0,0.0,1522.988523387,79947.43910064,141470.35197957,175208.5249821,205654.7742507,2025-02-23,RJ
0.0,0.0,0.0,0.0,5209.99853688,75835.21386132001,137258.9196885,185803.3753821,218997.23315850002,2025-03-02,RJ
0.0,0.0,0.0,0.0,0.0,65742.6263859,135063.6156261,176574.4469226,212399.5772817,2025-03-09,RJ
0.0,0.0,0.0,0.0,3713.911040727,82944.88183979999,142638.8219694,181129.6422189,214695.548379,2025-03-16,RJ
0.0,0.0,0.0,0.0,3289.320655776,83275.74752939999,141239.7911214,174819.40357139998,219752.7864057,2025-03-23,RJ
0.0,0.0,0.0,0.0,722.7018711540001,71554.21297425,150141.4280577,188650.9009881,223632.0653499,2025-03-30,RJ
0.0,0.0,0.0,0.0,191.7890829117,73048.8288393,136349.5336812,176427.714627,221744.82571019998,2025-04-06,RJ
0.0,0.0,0.0,0.0,4390.369581105,77857.01927037,150982.46930187,189051.2554932,221958.95657220003,2025-04-13,RJ
0.0,0.0,0.0,0.0,3431.215221417,79719.21900234,141642.62680005,182201.47728030002,223025.98884749998,2025-04-20,RJ
0.0,0.0,0.0,0.0,0.0,85378.24453175999,164953.3959072,220290.0123366,267811.90540560003,2024-10-06,CE
0.0,0.0,0.0,0.0,0.0,83181.0321198,158410.1822436,211337.3797047,251379.7072938,2024-10-13,CE
0.0,0.0,0.0,0.0,0.0,83933.08459866,176414.0721615,236561.4208287,293468.77169819997,2024-10-20,CE
0.0,0.0,0.0,0.0,6624.363994785,99936.5805981,176695.15481910002,216692.62981110002,282860.1511839,2024-10-27,CE
0.0,0.0,0.0,0.0,0.0,82921.05938250001,161067.73452300002,216918.36075780002,249928.1010963,2024-11-03,CE
0.0,0.0,0.0,0.0,2587.1660928359997,90350.68865184,184469.03056349998,225008.2311066,276609.7957797,2024-11-10,CE
0.0,0.0,0.0,0.0,0.0,89125.6846041,161319.98450790002,219429.0530928,266383.1962116,2024-11-17,CE
0.0,0.0,0.0,0.0,315.34420185180005,88228.19386935,174787.3956348,225517.454082,256043.93062139998,2024-11-24,CE
0.0,0.0,0.0,0.0,0.0,86868.98944695,164421.32379660002,228639.3129153,275001.4528119,2024-12-01,CE
0.0,0.0,0.0,0.0,3146.582650689,89772.61670055,177530.8874688,225517.773204,276066.8894772,2024-12-08,CE
0.0,0.0,0.0,0.0,5122.049471046001,95086.14958350001,181507.5624474,233618.6053935,276310.0604412,2024-12-15,CE
0.0,0.0,0.0,0.0,4887.680370489,98658.86397840001,187049.41914329998,231800.6950083,275344.1260155,2024-12-22,CE
0.0,0.0,0.0,0.0,462.0118114224,91514.17395603,176271.9511788,230895.0108162,262322.2092006,2024-12-29,CE
0.0,0.0,0.0,0.0,1277.982767448,100479.9655836,174184.6539573,222596.84953799998,254995.9977978,2025-01-05,CE
0.0,0.0,0.0,0.0,1633.3283056680002,88820.53216964999,174351.0122559,220776.4659573,259761.8295702,2025-01-12,CE
0.0,0.0,0.0,0.0,2157.174568035,91212.82226459999,171561.9178881,236177.38941389997,278373.0405663,2025-01-19,CE
0.0,0.0,0.0,0.0,0.0,93005.28905274002,176239.64007629998,217304.0675631,265966.3590552,2025-01-26,CE
0.0,0.0,0.0,0.0,6512.4183906,100526.21593506,173788.7990724,231892.76170529998,273754.7229384,2025-02-02,CE
0.0,0.0,0.0,0.0,3676.357721133,95911.78840434001,173085.72543810002,228385.9300473,267001.2876573,2025-02-09,CE
0.0,0.0,0.0,0.0,14.326580894085,86553.09855719999,175270.4506062,223720.0472853,253194.8094054,2025-02-16,CE
0.0,0.0,0.0,0.0,0.0,94135.4691894,169306.3795482,210528.85220549998,247729.17499919998,2025-02-23,CE
0.0,0.0,0.0,0.0,2863.6510002210002,89718.45371910001,165257.2638756,224957.1875427,265778.92274849996,2025-03-02,CE
0.0,0.0,0.0,0.0,0.0,77176.36076535001,162177.83231220001,213078.4614684,257007.2642028,2025-03-09,CE
0.0,0.0,0.0,0.0,826.4828985299999,98165.9960055,171503.21539620002,218791.2558636,260028.8070354,2025-03-16,CE
0.0,0.0,0.0,0.0,383.060805237,98492.51206224,169589.79179639998,210777.75140940002,265891.971717,2025-03-23,CE
0.0,0.0,0.0,0.0,0.0,84034.9068552,180319.83823169998,227501.595117,270360.4296537,2025-03-30,CE
0.0,0.0,0.0,0.0,0.0,85712.08443840001,163071.75685859998,212051.2237065,267433.171416,2025-04-06,CE
0.0,0.0,0.0,0.0,1657.2262353209999,92074.34635434,182071.546758,228923.7144417,269423.98210079997,2025-04-13,CE
0.0,0.0,0.0,0.0,800.6894320652999,94245.7896648,170095.7118591,219776.2259166,269782.1167653,2025-04-20,CE
0.0,0.0,0.0,0.0,0.0,85405.13056026,164909.8836225,220197.53078099998,267677.4114387,2024-10-06,MA
0.0,0.0,0.0,0.0,0.0,83197.7062443,158345.09252487,211214.7730323,251213.5723806,2024-10-13,MA
0.0,0.0,0.0,0.0,0.0,83944.15494084,176325.1488162,236407.4444637,293253.2686116,2024-10-20,MA
0.0,0.0,0.0,0.0,6717.865942980001,99938.91816675,176622.5066958,216580.9051989,282683.7724545,2024-10-27,MA
0.0,0.0,0.0,0.0,0.0,82942.0895223,161013.7071684,216810.6730389,249788.74051889998,2024-11-03,MA
0.0,0.0,0.0,0.0,2681.924903028,90329.57234910001,184323.6545364,224809.32236400002,276342.7544901,2024-11-10,MA
0.0,0.0,0.0,0.0,0.0,89136.2954106,161260.165089,219312.52569450001,266220.85885019996,2024-11-17,MA
0.0,0.0,0.0,0.0,408.2163627798,88247.59489133999,174734.48520720002,225422.1642528,255923.1269883,2024-11-24,MA
0.0,0.0,0.0,0.0,0.0,86860.74812129998,164320.4493324,228461.70556620002,274768.4618397,2024-12-01,MA
0.0,0.0,0.0,0.0,3243.7958281829997,89774.76279600001,177436.71456659999,225370.94517179998,275864.55017309997,2024-12-08,MA
0.0,0.0,0.0,0.0,5219.533902239999,95124.26870639999,181488.6385128,233565.29606340002,276228.5726385,2024-12-15,MA
0.0,0.0,0.0,0.0,4980.270906252,98668.31477643001,186980.52070350002,231692.12970390002,275196.9469491,2024-12-22,MA
0.0,0.0,0.0,0.0,561.2031942822,91514.82336930001,176180.8897161,230744.8160469,262138.0279383,2024-12-29,MA
0.0,0.0,0.0,0.0,1367.26703973,100451.6594622,174068.94032010002,222423.7896774,254784.53160450002,2025-01-05,MA
0.0,0.0,0.0,0.0,1726.9811985689998,88834.9325499,174287.65058279998,220670.90039969998,259620.82551450003,2025-01-12,MA
0.0,0.0,0.0,0.0,2246.450543145,91202.45079959999,171461.66571180001,236004.8401485,278153.277201,2025-01-19,MA
0.0,0.0,0.0,0.0,0.0,92993.37303726,176137.0742655,217156.8087162,265766.078088,2025-01-26,MA
0.0,0.0,0.0,0.0,6593.14987416,100491.6614049,173664.42127289998,231697.13991929998,273507.7544226,2025-02-02,MA
0.0,0.0,0.0,0.0,3767.9232370319996,95890.38489180001,172969.7724594,228202.227468,266770.2911976,2025-02-09,MA
0.0,0.0,0.0,0.0,113.53742301564,86542.06331843999,175146.3600165,223534.2385008,252971.45591760002,2025-02-16,MA
0.0,0.0,0.0,0.0,0.0,94121.0129628,169209.7015383,210387.0982131,247546.7169957,2025-02-23,MA
0.0,0.0,0.0,0.0,2947.35494565,89708.55295905,165165.96307139998,224801.5357872,265579.2800253,2025-03-02,MA
0.0,0.0,0.0,0.0,0.0,77191.37864667,162115.45991729997,212969.73660300003,256858.5533508,2025-03-09,MA
0.0,0.0,0.0,0.0,905.5127118933,98126.26531650001,171374.03481060002,218604.3780204,259791.61960890002,2025-03-16,MA
0.0,0.0,0.0,0.0,469.36586621969997,98476.27832610001,169499.2728411,210644.18289630002,265700.8016829,2025-03-23,MA
0.0,0.0,0.0,0.0,0.0,84084.56862084,180320.18926590003,227477.820528,270314.71542719996,2025-03-30,MA
0.0,0.0,0.0,0.0,0.0,85705.29511785,162984.062133,211912.32585599998,267236.3688786,2025-04-06,MA
0.0,0.0,0.0,0.0,1743.9404585759999,92099.76920847001,182035.964655,228856.37969970002,269329.17095460003,2025-04-13,MA
0.0,0.0,0.0,0.0,884.5249674510001,94215.58476750001,169972.92966959998,219592.79459099998,269537.6693133,2025-04-20,MA
0.0,0.0,1810.435750155,23000.83462953,42753.6359694,63646.70967918,82448.0088858,95522.44520385,106750.49907186,2024-10-06,SP
4667.8932306,18949.609560509998,30171.91444569,49427.354574900004,70514.73528804,90782.00277777,108536.58342000001,121027.7524806,130478.02395930002,2024-10-13,SP
11749.384332090001,20849.99862222,32368.98325275,52173.292479029995,73511.9227296,93455.30851470001,115299.99126360001,129507.2388792,142949.16173196,2024-10-20,SP
7615.630643967,16153.072629425998,27616.227504299997,47123.895279870005,68731.59643596,90779.04451682999,108915.2535852,118365.70855904999,133999.50810393,2024-10-27,SP
5413.990254695999,16056.90425736,27754.71847425,47982.6733248,68504.73101055,89222.7136482,107673.039288,120859.3039329,128652.8695047,2024-11-03,SP
2378.143576251,14091.3744174,28437.22788687,46791.92383254,68703.74027658,89440.39314684001,111678.5628954,121257.105462,133449.45506424,2024-11-10,SP
12141.690580350001,22341.94184052,34534.939260420004,54982.20432303,76714.14765177,98479.51103196,115546.01358267,129282.81633270001,140382.6294294,2024-11-17,SP
1360.3038774704999,9899.961128073,19136.189822445,37186.776064800004,58282.77307194,79055.9494551,99509.26826205,111496.4240139,118709.61038234999,2024-11-24,SP
3885.428106018,13821.56155323,26249.43436074,44773.3271952,66584.88827172,87807.3437538,106122.1382802,121287.88477889998,132236.78029497,2024-12-01,SP
23106.31242858,31527.16015968,44570.76131448,63507.79427697,84702.00427083,105193.0943577,125952.0123699,137303.14042404,149260.3481718,2024-12-08,SP
17316.93673143,29753.76729348,40213.82853873,61028.3647287,82186.5043629,103461.43626665999,123898.58994870001,136221.9327495,146317.72420979998,2024-12-15,SP
25060.384193129998,36013.85591868,48484.58202396,66719.99654847001,89560.9670121,111721.9315752,132611.306661,143187.39268740002,153478.0240848,2024-12-22,SP
20524.186229490002,30080.2003785,41902.23123828,62739.77133762,84148.23186423001,105661.38514977,125687.34853920001,138593.30758857,146018.69891775,2024-12-29,SP
25096.48167816,35523.72282132,47221.620009930004,65785.44936708,88723.0005084,112156.36830989999,129566.7870444,141002.66751929998,148655.95344234,2025-01-05,SP
33664.3074288,45562.2446475,55229.07231539999,75013.08538248,96310.66856579999,116906.30142426,137110.5758268,148077.34696169998,157286.59357185,2025-01-12,SP
19729.61872218,30958.416144450002,41080.2080697,60847.3587303,83255.58859265999,104332.6776213,123349.15760130002,138641.914656,148628.49618546,2025-01-19,SP
37945.996023780004,47515.022372340005,59581.7368344,78088.3875072,99853.91204400001,121889.924388,141575.54895126,151287.6345012,162796.6736946,2025-01-26,SP
41014.224809370004,49734.58130235,61294.82521626,83965.60153485,104294.22342030001,126521.07550713,143841.9119094,157578.91091946,167475.9755367,2025-02-02,SP
33290.42728482,42765.61580928,54901.41539751,76540.22297054999,97632.13681170001,119489.0898015,137776.9185189,150881.360283,160032.024072,2025-02-09,SP
53864.8576776,64692.794786399994,73630.41911064,93363.17799329999,113785.4701638,134257.7527956,155245.3855452,166707.00320940002,173679.7710411,2025-02-16,SP
46907.9342532,59684.11436322,71657.71540812,90483.04609695,111950.93830923,134645.62963049999,152449.31836170002,162212.5687419,171023.2080399,2025-02-23,SP
55163.97940545,66663.12262563,78824.23975773,98576.6741073,118956.93791040001,139543.434306,157447.79805015,171597.97867409998,181273.6460214,2025-03-02,SP
44185.59701658,51396.02138412,63832.37805,83271.43299996,104447.4338925,123776.95659840001,143928.60778314,155995.8168843,166410.1878372,2025-03-09,SP
56634.4058229,67330.13706954,79686.35901,97202.5826436,119628.9131058,142684.3128105,160054.6498218,171255.09804120002,181022.4172269,2025-03-16,SP
51386.15413188,62518.41874476,71858.61228078,92966.5891278,115524.10107054001,138775.0842666,155624.4386568,165385.58283179998,178447.118643,2025-03-23,SP
48785.6002329,61831.473536339996,73833.9487398,90792.1875564,112352.96980044,132931.44187335,155763.15141654,166951.2113199,177114.17796119998,2025-03-30,SP
59209.6565385,68313.4253496,80641.7624097,100062.57475053,122009.52493115999,143102.7774891,161429.31570510002,173032.5597129,186152.5905867,2025-04-06,SP
66491.53710867,74765.83923054,86339.0315196,104855.4473256,126782.69331834,148222.4517351,169562.65047030002,180672.26061240002,190275.71065109997,2025-04-13,SP
54164.257937999995,66509.77971779999,77438.27855124,94909.90648095,116350.43717295,138525.5149065,156525.1764579,168314.67602100002,180181.35523979997,2025-04-20,SP
0.0,0.0,0.0,0.0,0.0,84944.0375649,164066.204835,219087.78402599998,266339.17333170003,2024-10-06,MS
0.0,0.0,0.0,0.0,0.0,82761.95153574,157555.9724301,210177.0042444,249987.729042,2024-10-13,MS
0.0,0.0,0.0,0.0,0.0,83461.50206316,175371.58036800002,235147.6146321,291703.6281357,2024-10-20,MS
0.0,0.0,0.0,0.0,6645.189736944,99415.77987654001,175728.8534031,215494.151184,281277.5932737,2024-10-27,MS
0.0,0.0,0.0,0.0,0.0,82456.82463105,160116.94243619998,215619.8214276,248424.0471981,2024-11-03,MS
0.0,0.0,0.0,0.0,2616.1669428299997,89827.73066556001,183354.1619004,223638.3839655,274915.4175207,2024-11-10,MS
0.0,0.0,0.0,0.0,0.0,88672.81378706999,160461.8016255,218244.63178979998,264935.16418049997,2024-11-17,MS
0.0,0.0,0.0,0.0,358.5372688152,87761.93748003,173819.54647710003,224255.645694,254605.2169527,2024-11-24,MS
0.0,0.0,0.0,0.0,0.0,86354.74349127,163403.8511679,227205.1148229,273266.3864979,2024-12-01,MS
0.0,0.0,0.0,0.0,3177.9663846569997,89294.5320543,176536.6788339,224241.3330723,274493.1393342,2024-12-08,MS
0.0,0.0,0.0,0.0,5146.52197986,94585.25569230001,180501.9930693,232308.7372323,274750.8782175,2024-12-15,MS
0.0,0.0,0.0,0.0,4910.462330508,98123.53044095999,185988.0193713,230472.940059,273757.21209,2024-12-22,MS
0.0,0.0,0.0,0.0,508.562233299,90978.85158786,175194.9782532,229468.96629090002,260695.35715680002,2024-12-29,MS
0.0,0.0,0.0,0.0,1323.729544392,99932.19267060001,173195.9182647,221318.47871819997,253523.8082313,2025-01-05,MS
0.0,0.0,0.0,0.0,1683.221434758,88333.43711373,173337.12974970002,219476.6660952,258221.9223153,2025-01-12,MS
0.0,0.0,0.0,0.0,2186.723988747,90687.89848680001,170536.7384631,234749.90883960002,276682.8428055,2025-01-19,MS
0.0,0.0,0.0,0.0,0.0,92526.9028362,175279.6572759,216106.53034589998,264487.2764535,2025-01-26,MS
0.0,0.0,0.0,0.0,6529.3637688,99987.10877997,172816.3864701,230576.6706651,272191.0251384,2025-02-02,MS
0.0,0.0,0.0,0.0,3716.3133911429995,95444.5395456,172194.1145262,227190.19586940002,265593.22565670003,2025-02-09,MS
0.0,0.0,0.0,0.0,82.3144244166,86076.0111672,174234.54868200002,222378.9689925,251668.09784519998,2025-02-16,MS
0.0,0.0,0.0,0.0,0.0,93599.27242695,168303.3152778,209269.7723106,246239.0667324,2025-02-23,MS
0.0,0.0,0.0,0.0,2897.034831324,89196.0510051,164251.4391999,223569.3259647,264129.85981349996,2025-03-02,MS
0.0,0.0,0.0,0.0,0.0,76763.97855207,161256.8462202,211852.9053396,255518.8632387,2025-03-09,MS
0.0,0.0,0.0,0.0,871.9005489993,97606.2719736,170487.577719,217481.6270439,258462.7956009,2025-03-16,MS
0.0,0.0,0.0,0.0,422.53683488099995,97892.52440760001,168526.4294241,209445.9276546,264200.9282829,2025-03-23,MS
0.0,0.0,0.0,0.0,0.0,83668.9377456,179476.7976882,226424.7657963,269071.2565542,2025-03-30,MS
0.0,0.0,0.0,0.0,0.0,85225.75208405999,162104.6735937,210779.80974630002,265817.616291,2025-04-06,MS
0.0,0.0,0.0,0.0,1695.793405509,91599.06519486,181084.78962179998,227670.6978648,267940.7987814,2025-04-13,MS
0.0,0.0,0.0,0.0,835.7169648537,93692.71453977,169065.26692109997,218433.0892869,268124.2779753,2025-04-20,MS
0.0,0.0,0.0,0.0,0.0,85580.3349207,165220.6446261,220602.56042340002,268163.3863764,2024-10-06,PB
0.0,0.0,0.0,0.0,0.0,83365.1495577,158637.48486615,211595.0547636,251660.3750928,2024-10-13,PB
0.0,0.0,0.0,0.0,0.0,84114.8628723,176656.7325303,236843.68423769998,293788.48407390004,2024-10-20,PB
0.0,0.0,0.0,0.0,6766.600659209999,100146.8181717,176961.36639150002,216987.9931782,283203.7338852,2024-10-27,PB
0.0,0.0,0.0,0.0,0.0,83102.92701029999,161294.08775759998,217176.5144997,250205.0670801,2024-11-03,PB
0.0,0.0,0.0,0.0,2714.430669948,90519.78501719999,184683.0178206,225241.5252447,276867.7101801,2024-11-10,PB
0.0,0.0,0.0,0.0,0.0,89312.23853846999,161552.70422639998,219698.95052430002,266683.1389794,2024-11-17,PB
0.0,0.0,0.0,0.0,435.6638864388,88416.35139177,175042.3422006,225811.54096110002,256361.5687041,2024-11-24,PB
0.0,0.0,0.0,0.0,0.0,87036.36574473,164621.6845443,228866.9905062,275248.8202302,2024-12-01,PB
0.0,0.0,0.0,0.0,3271.1643691470003,89922.05355509999,177705.479115,225706.1509206,276269.75533260003,2024-12-08,PB
0.0,0.0,0.0,0.0,5256.31749957,95292.82096875,181783.7944506,233936.7700275,276662.5945146,2024-12-15,PB
0.0,0.0,0.0,0.0,5014.489081824,98860.80916682999,187322.220585,232109.3657628,275687.6768046,2024-12-22,PB
0.0,0.0,0.0,0.0,592.5893535774001,91685.19303144001,176480.6250546,231127.92200790002,262569.113892,2024-12-29,PB
0.0,0.0,0.0,0.0,1406.368739268,100672.2206325,174424.3464915,222867.7202916,255287.7391302,2025-01-05,PB
0.0,0.0,0.0,0.0,1764.4547376629998,88998.4027944,174574.732734,221025.1258197,260031.3600114,2025-01-12,PB
0.0,0.0,0.0,0.0,2274.631249599,91379.19013686001,171772.41075930002,236423.3526954,278642.1880611,2025-01-19,PB
0.0,0.0,0.0,0.0,0.0,93203.03300004,176505.78782429997,217604.0103309,266306.2718535,2025-01-26,PB
0.0,0.0,0.0,0.0,6641.329637232,100703.2233348,174003.2809686,232136.9538597,274020.3122229,2025-02-02,PB
0.0,0.0,0.0,0.0,3804.019445574,96097.66260885,173320.2960642,228655.3966641,267295.1192388,2025-02-09,PB
0.0,0.0,0.0,0.0,140.60863162980002,86736.60168524999,175512.61633589998,223994.2369077,253488.497382,2025-02-16,PB
0.0,0.0,0.0,0.0,0.0,94300.28772435,169507.61788140002,210750.08353200002,247968.4367187,2025-02-23,PB
0.0,0.0,0.0,0.0,2986.385959665,89893.7793459,165478.3037289,225214.36796250002,266060.8510794,2025-03-02,PB
0.0,0.0,0.0,0.0,0.0,77345.61190488,162406.3236642,213342.39131849998,257301.7978527,2025-03-09,PB
0.0,0.0,0.0,0.0,947.519650251,98332.45801875001,171703.911222,219014.0189757,260270.8132041,2025-03-16,PB
0.0,0.0,0.0,0.0,502.1864629488,98654.32446794999,169782.5255283,210988.4357538,266126.6380797,2025-03-23,PB
0.0,0.0,0.0,0.0,0.0,84232.65080250001,180607.893705,227833.91281170002,270732.97267650004,2025-03-30,PB
0.0,0.0,0.0,0.0,0.0,85869.4594527,163264.0757319,212265.6736905,267672.6405648,2025-04-06,PB
0.0,0.0,0.0,0.0,1777.083831252,92264.72815709999,182332.1417832,229220.86489199998,269752.709673,2025-04-13,PB
0.0,0.0,0.0,0.0,916.815965265,94389.74559899999,170262.2456748,219957.53508089998,269978.3448831,2025-04-20,PB
0.0,0.0,0.0,0.0,0.0,85402.40206716,165102.6811788,220526.2902654,268122.9376629,2024-10-06,SE
0.0,0.0,0.0,0.0,0.0,83189.7281943,158517.41361804,211513.93395120002,251608.709241,2024-10-13,SE
0.0,0.0,0.0,0.0,0.0,83931.20177886,176527.0094373,236749.06456469998,293727.0850011,2024-10-20,SE
0.0,0.0,0.0,0.0,6524.69182272,99948.2285511,176798.37483000002,216843.55856099998,283090.0147605,2024-10-27,SE
0.0,0.0,0.0,0.0,0.0,82931.4468036,161187.1180632,217115.6260221,250171.4156652,2024-11-03,SE
0.0,0.0,0.0,0.0,2475.795227373,90347.8899519,184582.6858638,225172.0204731,276837.42550230003,2024-11-10,SE
0.0,0.0,0.0,0.0,0.0,89134.1413371,161424.48100680002,219610.8888084,266627.5000587,2024-11-17,SE
0.0,0.0,0.0,0.0,205.76225454029998,88230.8186478,174900.5084277,225695.3486409,256260.77402040001,2024-11-24,SE
0.0,0.0,0.0,0.0,0.0,86845.56429653999,164478.4625907,228763.1482074,275173.4595699,2024-12-01,SE
0.0,0.0,0.0,0.0,3042.9666093869996,89782.0706898,177654.9142341,225704.4436179,276319.52240849996,2024-12-08,SE
0.0,0.0,0.0,0.0,5022.047486394,95116.15343394,181662.4642662,233848.77213599999,276601.9453785,2024-12-15,SE
0.0,0.0,0.0,0.0,4775.123488113,98669.7779508,187176.7647774,231986.9665197,275587.7277942,2024-12-22,SE
0.0,0.0,0.0,0.0,351.48384289800003,91505.93582160001,176358.9278799,231043.3387218,262505.86391159997,2024-12-29,SE
0.0,0.0,0.0,0.0,1159.39416015,100497.1343472,174302.681229,222781.1265369,255224.6327547,2025-01-05,SE
0.0,0.0,0.0,0.0,1519.838629686,88818.07812147001,174457.47135510002,220942.07431919998,259977.07735920002,2025-01-12,SE
0.0,0.0,0.0,0.0,2046.656715678,91194.94185894,171627.6251079,236310.319683,278549.8820226,2025-01-19,SE
0.0,0.0,0.0,0.0,0.0,93024.45392444999,176378.29858529998,217501.71577379998,266233.84711559996,2025-01-26,SE
0.0,0.0,0.0,0.0,6396.2244747899995,100531.75110615001,173889.1948536,232068.35858580002,273984.5226906,2025-02-02,SE
0.0,0.0,0.0,0.0,3565.89316215,95944.0931244,173237.46794909998,228623.2929909,267298.4061954,2025-02-09,SE
0.0,0.0,0.0,0.0,0.0,86535.77661504001,175355.51257529997,223861.0353849,253369.8318663,2025-02-16,SE
0.0,0.0,0.0,0.0,0.0,94130.6504472,169384.8197358,210652.9587513,247894.4961513,2025-02-23,SE
0.0,0.0,0.0,0.0,2746.113102108,89685.8554068,165298.5263502,225056.801475,265918.4907552,2025-03-02,SE
0.0,0.0,0.0,0.0,0.0,77146.32659832,162242.94915630002,213200.4937212,257178.4571997,2025-03-09,SE
0.0,0.0,0.0,0.0,705.8975927463,98125.6111164,171523.2722139,218850.2615214,260121.79918620002,2025-03-16,SE
0.0,0.0,0.0,0.0,272.3585801445,98500.9624128,169684.58698649998,210922.5849291,266103.7570323,2025-03-23,SE
0.0,0.0,0.0,0.0,0.0,84034.53348246,180451.6037055,227698.15831290002,270615.8070342,2025-03-30,SE
0.0,0.0,0.0,0.0,0.0,85681.6561557,163124.74706670002,212157.0445617,267598.7159535,2025-04-06,SE
0.0,0.0,0.0,0.0,1537.030848753,92100.5079759,182243.3779989,229171.4169381,269737.2482121,2025-04-13,SE
0.0,0.0,0.0,0.0,686.70586692,94223.163915,170147.234106,219876.3185319,269931.098871,2025-04-20,SE
0.0,0.0,0.0,0.0,7062.29272197,62537.88199554,112459.37464889999,147174.8061213,176987.70991260002,2024-10-06,GO
0.0,0.0,0.0,0.0,7337.807658036,61301.65442706,108575.197182,141834.33136349998,166996.6862049,2024-10-13,GO
0.0,0.0,0.0,0.0,8233.785914066999,61356.91997502,119544.48938069999,157388.2419069,193193.44309709998,2024-10-20,GO
0.0,0.0,0.0,0.0,13160.1285531,72131.2254405,120640.8170556,145918.2632463,187734.5581212,2024-10-27,GO
0.0,0.0,0.0,0.0,5549.759113986,60801.60142232999,110005.94875679999,145171.78902,165956.0772312,2024-11-03,GO
0.0,0.0,0.0,0.0,10601.683599824999,65646.08081163,124676.16261389999,150101.94149703,182465.93368169997,2024-11-10,GO
0.0,0.0,0.0,0.0,6781.50365661,64858.253160960005,110396.95777413,147050.9867853,176668.7155614,2024-11-17,GO
0.0,0.0,0.0,0.0,9034.887444327,64209.84033843,118535.22456984,150373.91641275,169532.6370462,2024-11-24,GO
0.0,0.0,0.0,0.0,7146.835160454,63624.498787979996,112364.22044655001,152723.6356329,181861.1017551,2024-12-01,GO
0.0,0.0,0.0,0.0,10770.177622410001,65337.520154219994,120618.08918676,150845.91699807,182687.72347169998,2024-12-08,GO
0.0,0.0,0.0,0.0,12331.492219314001,69410.86197345001,124242.51251493,157305.31007715,184391.6913468,2024-12-15,GO
0.0,0.0,0.0,0.0,11980.718422865999,71258.85279837,127135.6039557,155425.4501337,182951.7490584,2024-12-22,GO
0.0,0.0,0.0,0.0,9301.253152653,66382.20431586,119517.18211116,153760.5747036,173462.4170469,2024-12-29,GO
0.0,0.0,0.0,0.0,10028.685528774002,71886.80192264999,117845.88913764,148033.675116,168236.4113505,2025-01-05,GO
0.0,0.0,0.0,0.0,10322.583487650001,65279.86119126,119192.84406207001,148456.51655283,173030.38968330002,2025-01-12,GO
0.0,0.0,0.0,0.0,10309.049523630001,66090.65764788,116418.75321509999,156891.8316798,183321.8507979,2025-01-19,GO
0.0,0.0,0.0,0.0,9142.717172517001,67610.56233582,119842.07064569999,145610.99024615998,176147.7169842,2025-01-26,GO
0.0,0.0,0.0,0.0,13590.07524126,72962.9211969,119230.68076199999,155925.2590101,182362.4743293,2025-02-02,GO
0.0,0.0,0.0,0.0,11783.562936534,69888.48389280001,118505.20476329999,153342.29032893002,177668.5247874,2025-02-09,GO
0.0,0.0,0.0,0.0,9508.118244957,63665.91124992,119187.0886968,149507.859195,167953.7969073,2025-02-16,GO
0.0,0.0,0.0,0.0,8157.521021580001,68687.66291022,116172.73089603,142212.76218720002,165712.02868169997,2025-02-23,GO
0.0,0.0,0.0,0.0,10961.699328954,65182.21145487,112338.53272116001,149607.16357896,175090.8008763,2025-03-02,GO
0.0,0.0,0.0,0.0,6584.1570162,57770.52481998,111133.87589214,143088.93716796,170667.1476684,2025-03-09,GO
0.0,0.0,0.0,0.0,9967.267468215001,71100.3177756,117158.9726502,146857.71054600002,172756.535139,2025-03-16,GO
0.0,0.0,0.0,0.0,9501.834094533,71241.72871185001,115982.976168,141902.40806415002,176585.58428039998,2025-03-23,GO
0.0,0.0,0.0,0.0,7490.80814796,61970.599559070004,122415.65394885,152035.07088033,178940.6886843,2025-03-30,GO
0.0,0.0,0.0,0.0,7272.21117357,63331.36289244,112037.48579124,142875.25467237,177744.06096479998,2025-04-06,GO
0.0,0.0,0.0,0.0,10534.57144542,67160.34501822,123523.1269596,152865.36409554,178229.58913170002,2025-04-13,GO
0.0,0.0,0.0,0.0,9656.573001552,68150.35879443001,115630.09584723001,146728.56825503998,178030.7282574,2025-04-20,GO
0.0,0.0,0.0,0.0,0.0,76725.56902815,146026.1105262,194217.7289805,235603.68783840002,2024-10-06,DF
0.0,0.0,0.0,0.0,0.0,74626.1052804,140094.58033854,186154.6967919,221001.7022649,2024-10-13,DF
0.0,0.0,0.0,0.0,1557.6146166555,74811.18487113,155048.295798,207232.5453309,256605.7289463,2024-10-20,DF
0.0,0.0,0.0,0.0,8008.368664293,89098.0486389,155802.39225327,190560.7823337,248061.33313289998,2024-10-27,DF
0.0,0.0,0.0,0.0,0.0,73966.12268976,141867.3445344,190395.6366987,219077.6359464,2024-11-03,DF
0.0,0.0,0.0,0.0,4253.261526342,80463.6125532,162192.2725827,197394.87570029998,242203.65734970002,2024-11-10,DF
0.0,0.0,0.0,0.0,0.0,79489.99526535001,142244.70629940002,192755.84705460002,233570.6094447,2024-11-17,DF
0.0,0.0,0.0,0.0,2227.203018837,78634.6445907,153865.5977538,197956.46659589998,224487.8548173,2024-11-24,DF
0.0,0.0,0.0,0.0,0.0,77308.26824844,144424.41327405,200000.6025669,240123.7956708,2024-12-01,DF
0.0,0.0,0.0,0.0,4811.378778972,80048.7060849,156269.40017490002,197947.4833116,241850.8839348,2024-12-08,DF
0.0,0.0,0.0,0.0,6564.66664005,85030.95682404,160407.32750010001,205858.34217450002,243093.65669550002,2024-12-15,DF
0.0,0.0,0.0,0.0,6442.730921654999,88159.6065735,165187.55167470002,204186.0471579,242131.9665924,2024-12-22,DF
0.0,0.0,0.0,0.0,2547.219198681,81737.30185326,155453.0222745,202959.8846973,230292.85951439998,2024-12-29,DF
0.0,0.0,0.0,0.0,3308.202944955,89337.2624901,153254.7663336,195238.360917,223335.28188989998,2025-01-05,DF
0.0,0.0,0.0,0.0,3577.0340302920004,79335.42852465,153654.2592093,193994.1201951,227869.1119683,2025-01-12,DF
0.0,0.0,0.0,0.0,3854.6585223390002,80871.03561060001,150357.9044664,206238.14522280003,242729.458713,2025-01-19,DF
0.0,0.0,0.0,0.0,1798.95772962,82432.76283225,154465.95558995998,190004.2176096,232117.854408,2025-01-26,DF
0.0,0.0,0.0,0.0,7881.555804372,89357.0001858,152848.7793252,203203.5662565,239482.5200118,2025-02-02,DF
0.0,0.0,0.0,0.0,5369.49092565,85680.3317994,152876.8620612,201027.6169434,234650.5980732,2025-02-09,DF
0.0,0.0,0.0,0.0,2125.7724845519997,77036.50395324,153833.079222,195772.6030572,221286.9015963,2025-02-16,DF
0.0,0.0,0.0,0.0,664.6298685894,83736.5596974,148905.37760193,184642.8882291,216893.4054174,2025-02-23,DF
0.0,0.0,0.0,0.0,4598.205442533,79792.2915579,145189.6279398,196874.51536710002,232215.7131693,2025-03-02,DF
0.0,0.0,0.0,0.0,0.0,68712.29115057,142294.76696754,186357.4509546,224384.9220162,2025-03-09,DF
0.0,0.0,0.0,0.0,2749.552279902,87272.88461064,150954.1839234,192016.026522,227824.067898,2025-03-16,DF
0.0,0.0,0.0,0.0,2363.1159617099997,87609.1370796,149384.65416885001,185172.35949540001,233060.38123499998,2025-03-23,DF
0.0,0.0,0.0,0.0,0.0,74617.57834056,157807.57300173,198572.51566079998,235602.4751748,2025-03-30,DF
0.0,0.0,0.0,0.0,0.0,76705.7914422,144021.4978149,186641.75674440002,234833.1996816,2025-04-06,DF
0.0,0.0,0.0,0.0,3511.3191515639996,81722.9317896,159571.3076406,200098.86023070003,235131.9457419,2025-04-13,DF
0.0,0.0,0.0,0.0,2623.9519240199998,83505.62227527,149157.7344927,192158.833617,235441.5579063,2025-04-20,DF
0.0,0.0,0.0,0.0,0.0,85577.25539339999,165298.0955355,220736.0012877,268344.9189261,2024-10-06,AP
0.0,0.0,0.0,0.0,0.0,83336.7157875,158663.31619644,211659.0865929,251753.3034192,2024-10-13,AP
0.0,0.0,0.0,0.0,0.0,84106.2146661,176737.51826460002,236982.6459126,293982.4783377,2024-10-20,AP
0.0,0.0,0.0,0.0,6677.152996463999,100129.6174959,177003.5862321,217061.1838089,283328.1435969,2024-10-27,AP
0.0,0.0,0.0,0.0,0.0,83129.1747948,161423.04495779998,217378.8538038,250450.7910201,2024-11-03,AP
0.0,0.0,0.0,0.0,2638.319275143,90547.34758434,184821.7241979,225428.11587809998,277115.2531155,2024-11-10,AP
0.0,0.0,0.0,0.0,0.0,89333.90213544,161667.4604976,219888.620685,266933.3306274,2024-11-17,AP
0.0,0.0,0.0,0.0,357.0918057162,88411.99537647,175111.0651233,225923.1060123,256498.88690070002,2024-11-24,AP
0.0,0.0,0.0,0.0,0.0,87059.99194200001,164737.4939181,229059.1179063,275496.07595579996,2024-12-01,AP
0.0,0.0,0.0,0.0,3192.44223726,89975.2352364,177892.325046,225966.05983349998,276606.6205158,2024-12-08,AP
0.0,0.0,0.0,0.0,5176.588059090001,95305.7055195,181885.6741491,234092.2941342,276862.0617207,2024-12-15,AP
0.0,0.0,0.0,0.0,4929.679059543,98881.8823881,187443.1039986,232280.766189,275908.253931,2024-12-22,AP
0.0,0.0,0.0,0.0,503.6717843856,91710.40526505,176612.0714064,231327.8519409,262808.4234798,2024-12-29,AP
0.0,0.0,0.0,0.0,1316.6654598,100697.8461291,174535.640289,223035.2912538,255492.9664884,2025-01-05,AP
0.0,0.0,0.0,0.0,1674.1925160120002,89023.59747630001,174713.1997698,221225.0238405,260282.8919718,2025-01-12,AP
0.0,0.0,0.0,0.0,2209.4057444580003,91412.13469653,171893.9324169,236616.15025170002,278881.4816928,2025-01-19,AP
0.0,0.0,0.0,0.0,0.0,93206.09657123999,176583.765285,217718.9421192,266465.01909240003,2025-01-26,AP
0.0,0.0,0.0,0.0,6552.877156443,100719.1953909,174100.6610469,232298.84445029998,274228.714845,2025-02-02,AP
0.0,0.0,0.0,0.0,3722.63312367,96140.47122954,173466.9804915,228876.54821009998,267568.27171470004,2025-02-09,AP
0.0,0.0,0.0,0.0,52.16909442912,86707.77699059999,175544.87957010002,224059.88030309998,253574.43693660002,2025-02-16,AP
0.0,0.0,0.0,0.0,0.0,94336.00066737,169633.8785007,210926.0154906,248189.15745,2025-02-23,AP
0.0,0.0,0.0,0.0,2902.8749234849997,89888.9606037,165541.9526118,225332.0920683,266215.5295128,2025-03-02,AP
0.0,0.0,0.0,0.0,0.0,77331.21312024,162463.733712,213442.834968,257439.387303,2025-03-09,AP
0.0,0.0,0.0,0.0,870.1416123596999,98338.06020546,171772.0278129,219122.4247191,260414.40214800002,2025-03-16,AP
0.0,0.0,0.0,0.0,415.681136955,98699.82328710001,169923.7210572,211185.046818,266397.3652284,2025-03-23,AP
0.0,0.0,0.0,0.0,0.0,84238.41095460001,180720.9426735,227999.5211736,270946.3057335,2025-03-30,AP
0.0,0.0,0.0,0.0,0.0,85866.30812295,163341.1915632,212393.62565640002,267858.0504468,2025-04-06,AP
0.0,0.0,0.0,0.0,1672.994532024,92278.68176655001,182463.57217889998,229413.455019,269998.17831540003,2025-04-13,AP
0.0,0.0,0.0,0.0,839.3210968095,94415.10941556,170371.0822329,220121.0691498,270196.8955848,2025-04-20,AP
0.0,0.0,0.0,0.0,0.0,86019.2712756,165669.8567094,221058.90488339998,268625.8579788,2024-10-06,PE
0.0,0.0,0.0,0.0,0.0,83800.798956,159081.4872828,212044.92104699998,252114.677172,2024-10-13,PE
0.0,0.0,0.0,0.0,65.2740595533,84560.92522146,177111.8802828,237304.71979109998,294255.1361745,2024-10-20,PE
0.0,0.0,0.0,0.0,7195.2916023,100577.24035164001,177393.1863258,217420.5470931,283637.53237589996,2024-10-27,PE
0.0,0.0,0.0,0.0,0.0,83528.77936320001,161718.5997981,217600.05321810002,250628.0313789,2024-11-03,PE
0.0,0.0,0.0,0.0,3147.42529233,90978.7622337,185169.8384316,225740.36079900002,277381.8316782,2024-11-10,PE
0.0,0.0,0.0,0.0,0.0,89751.62645099999,161997.336909,220147.81157340002,267135.3827217,2024-11-17,PE
0.0,0.0,0.0,0.0,872.2857930777,88883.79012810001,175540.1246523,226327.1304204,256887.8327943,2024-11-24,PE
0.0,0.0,0.0,0.0,0.0,87484.79119229999,165089.43761579998,229350.747546,275744.1454425,2024-12-01,PE
0.0,0.0,0.0,0.0,3711.326950332,90401.5662723,178224.8820822,226247.3180082,276833.8832481,2024-12-08,PE
0.0,0.0,0.0,0.0,5691.37971339,95750.4977631,182263.2273873,234429.2869662,277165.8499086,2024-12-15,PE
0.0,0.0,0.0,0.0,5443.73944578,99285.69936690001,187743.0308103,232528.08573899997,276104.3863122,2024-12-22,PE
0.0,0.0,0.0,0.0,1018.1523585599999,92125.0005894,176933.682558,231589.53198089998,263035.63834380003,2024-12-29,PE
0.0,0.0,0.0,0.0,1839.147156495,101121.7199256,174886.2915426,223337.81890980003,255763.2947346,2025-01-05,PE
0.0,0.0,0.0,0.0,2188.7425949579997,89423.76848624999,175001.1595065,221452.0791435,260458.82393040002,2025-01-12,PE
0.0,0.0,0.0,0.0,2702.700223911,91825.1056899,172234.45154699998,236898.3657924,279125.641935,2025-01-19,PE
0.0,0.0,0.0,0.0,389.6125873263,93672.84600405,177006.2509008,218119.5838341,266839.79596920003,2025-01-26,PE
0.0,0.0,0.0,0.0,7079.562009,101171.87952156,174495.67025849997,232648.1234793,274545.07643970003,2025-02-02,PE
0.0,0.0,0.0,0.0,4241.880678456,96562.6153848,173807.89852410002,229159.274346,267810.32575170003,2025-02-09,PE
0.0,0.0,0.0,0.0,575.8039671921,87179.0404041,175962.4666632,224448.1719966,253944.8737542,2025-02-16,PE
0.0,0.0,0.0,0.0,0.0,94768.4317203,169999.161498,211254.47180909998,248484.3931683,2025-02-23,PE
0.0,0.0,0.0,0.0,3416.796012969,90321.49058445,165903.6773988,225637.87476869998,266483.1133098,2025-03-02,PE
0.0,0.0,0.0,0.0,0.0,77803.6509027,162888.4531818,213838.9770627,257810.82935490002,2025-03-09,PE
0.0,0.0,0.0,0.0,1377.177533001,98809.57572534001,172216.80410039998,219549.9684186,260826.86733299997,2025-03-16,PE
0.0,0.0,0.0,0.0,936.4624239852001,99132.66441180001,170292.8335185,211517.2209078,266680.17114479997,2025-03-23,PE
0.0,0.0,0.0,0.0,0.0,84700.3719618,181116.3667437,228362.37884370002,271279.548882,2025-03-30,PE
0.0,0.0,0.0,0.0,0.0,86330.7503037,163747.7689473,212763.55187879998,268186.5227214,2025-04-06,PE
0.0,0.0,0.0,0.0,2214.134175132,92727.8380035,182821.164336,229723.4022615,270266.9269077,2025-04-13,PE
0.0,0.0,0.0,0.0,1347.546097935,94876.7736393,170794.9719855,220520.1790791,270571.09804199997,2025-04-20,PE
0.0,0.0,0.0,0.0,0.0,85817.1074886,165534.2139033,220969.5347673,268576.2345078,2024-10-06,PI
0.0,0.0,0.0,0.0,0.0,83597.74162740001,158936.42080404,211940.6798457,252041.3110242,2024-10-13,PI
0.0,0.0,0.0,0.0,0.0,84351.72000753,176971.86550530003,237209.70121559998,294202.6725177,2024-10-20,PI
0.0,0.0,0.0,0.0,6927.605207576999,100393.17237765,177277.90350329998,217341.10167119998,283617.3638655,2024-10-27,PI
0.0,0.0,0.0,0.0,0.0,83344.68426384001,161613.01828440002,217550.6212203,250611.77211299998,2024-11-03,PI
0.0,0.0,0.0,0.0,2876.824037259,90775.9442466,185039.70048,225641.5287156,277322.8419765,2024-11-10,PI
0.0,0.0,0.0,0.0,0.0,89566.14157533001,161882.9954964,220090.70469150002,267124.580442,2024-11-17,PI
0.0,0.0,0.0,0.0,600.44719032,88651.74694824,175347.24731550002,226157.19795539998,256731.7661802,2024-11-24,PI
0.0,0.0,0.0,0.0,0.0,87281.7019515,164945.6252865,229255.968312,275684.8206627,2024-12-01,PI
0.0,0.0,0.0,0.0,3436.378296255,90180.02061063,178057.4228127,226109.4732603,276727.1848074,2024-12-08,PI
0.0,0.0,0.0,0.0,5418.433549863,95545.8767367,182124.201888,234329.8645071,277098.8342886,2024-12-15,PI
0.0,0.0,0.0,0.0,5177.883056166,99109.6078473,187651.5225768,232479.4036779,276097.4134965,2024-12-22,PI
0.0,0.0,0.0,0.0,752.612857092,91951.16526234,176845.2059835,231556.0879953,263033.8353045,2024-12-29,PI
0.0,0.0,0.0,0.0,1566.53000775,100917.34781436,174732.5704752,223217.41417920002,255665.1647196,2025-01-05,PI
0.0,0.0,0.0,0.0,1922.117440446,89247.70887885,174913.94346389998,221413.1143473,260460.3238038,2025-01-12,PI
0.0,0.0,0.0,0.0,2439.0164168730003,91625.3991423,172092.44225700002,236802.7887534,279060.3495738,2025-01-19,PI
0.0,0.0,0.0,0.0,116.63193628476,93435.64262145,176800.9916304,217930.0891905,266669.0018748,2025-01-26,PI
0.0,0.0,0.0,0.0,6804.885406428,100951.41408786,174317.44062150002,232503.4176084,274424.4642798,2025-02-02,PI
0.0,0.0,0.0,0.0,3963.622090995,96362.27538003,173672.7822693,229070.84563979998,267754.52727,2025-02-09,PI
0.0,0.0,0.0,0.0,302.3019888777,86949.0172665,175777.0408251,224287.079211,253798.6201416,2025-02-16,PI
0.0,0.0,0.0,0.0,0.0,94557.17774313,169841.4514056,211126.1368968,248382.57729420002,2025-02-23,PI
0.0,0.0,0.0,0.0,3148.9283569500003,90135.9929439,165789.8306253,225580.6721502,266464.5882777,2025-03-02,PI
0.0,0.0,0.0,0.0,0.0,77574.76862624999,162704.20809509998,213681.4424874,257676.3832563,2025-03-09,PI
0.0,0.0,0.0,0.0,1109.624371713,98595.4225248,172042.88261039997,219401.99154719998,260701.51621139998,2025-03-16,PI
0.0,0.0,0.0,0.0,663.3275795756999,98904.69163305,170097.5946789,211340.93791500002,266529.25835099997,2025-03-23,PI
0.0,0.0,0.0,0.0,0.0,84498.1762626,180998.2596915,228285.4544856,271240.0575345,2025-03-30,PI
0.0,0.0,0.0,0.0,0.0,86126.04949680001,163605.4245792,212660.6988582,268128.3308247,2025-04-06,PI
0.0,0.0,0.0,0.0,1942.214307957,92515.50539397,182668.12938089998,229601.2264038,270171.44560529996,2025-04-13,PI
0.0,0.0,0.0,0.0,1080.8320200777,94632.0549336,170568.1081557,220305.0110706,270367.7215914,2025-04-20,PI
0.0,0.0,0.0,0.0,11962.84184667,51367.329125100005,86826.72492927,111485.19570632999,132661.39285889998,2024-10-06,SC
0.0,0.0,0.0,0.0,11672.192868876,49324.985024129994,82309.6854549,105515.95008509999,123072.7660371,2024-10-13,SC
0.0,0.0,0.0,0.0,11513.69199216,49209.138951299996,90498.25385586,117351.6585138,142758.55016136,2024-10-20,SC
0.0,0.0,0.0,0.0,16311.63701142,57629.76808383,91618.0593363,109328.70166596,138627.3307806,2024-10-27,SC
0.0,0.0,0.0,0.0,10497.766307355001,49628.9758545,84477.1461228,109382.7832713,124102.91578724999,2024-11-03,SC
0.0,0.0,0.0,0.0,13802.80356207,52551.44247537,94105.82275559999,112004.35933203,134787.06928773,2024-11-10,SC
0.0,0.0,0.0,0.0,11373.15225897,52660.1083032,85033.72680300001,111091.19172902999,132146.5373802,2024-11-17,SC
0.0,0.0,0.0,0.0,12378.701532384,51564.33590058,90146.6037504,112758.65364294,126365.30248527,2024-11-24,SC
0.0,0.0,0.0,0.0,12239.38499382,51895.184038470004,86117.80657554,114456.17684925,134915.05316583,2024-12-01,SC
0.0,0.0,0.0,0.0,14475.355730046,53109.878849999994,92249.37041085001,113651.14533156,136195.64347914,2024-12-08,SC
0.0,0.0,0.0,0.0,16082.68133691,56166.93676998,94672.72224567,117891.2299914,136912.76007705,2024-12-15,SC
0.0,0.0,0.0,0.0,16776.03770631,58756.9819815,98329.0513914,118364.0092344,137858.20687035,2024-12-22,SC
0.0,0.0,0.0,0.0,14127.1639497,55092.663616499995,93226.24912554001,117801.83594115,131941.3419342,2024-12-29,SC
0.0,0.0,0.0,0.0,15091.265019510001,58630.30012116,90978.74627759999,112226.51770794,126446.28447960001,2025-01-05,SC
0.0,0.0,0.0,0.0,15719.617833119999,54621.878886000006,92784.91297320001,113499.60067619999,130894.5579498,2025-01-12,SC
0.0,0.0,0.0,0.0,14815.564354439999,54290.138802120004,89905.46878476,118546.76083014,137250.3033945,2025-01-19,SC
0.0,0.0,0.0,0.0,13112.11026576,54930.629421,92288.68624125,110719.64277126,132560.725824,2025-01-26,SC
0.0,0.0,0.0,0.0,16869.46386303,59223.84948945,92229.56889075,118406.1173823,137265.4457334,2025-02-02,SC
0.0,0.0,0.0,0.0,16822.093393350002,58698.69913503,93737.09962314,118844.4314493,136376.5154463,2025-02-09,SC
0.0,0.0,0.0,0.0,15279.570135855,53991.49166964,93677.9758902,115351.2263007,128536.35806249999,2025-02-16,SC
0.0,0.0,0.0,0.0,13558.202931509999,56881.95514074,90868.86299934,109506.7143,126326.03931000001,2025-02-23,SC
0.0,0.0,0.0,0.0,15064.941443535,53837.7801759,87559.05726413999,114209.6790384,132432.90788934,2025-03-02,SC
0.0,0.0,0.0,0.0,11901.683710980002,48639.82530329999,86940.46479689999,109875.6672003,129669.44859180001,2025-03-09,SC
0.0,0.0,0.0,0.0,15263.948316150001,58815.4930002,91627.95850074,112785.5173329,131235.99136443,2025-03-16,SC
0.0,0.0,0.0,0.0,14787.75606336,58087.0970352,89464.9751145,107642.75461019999,131966.6961771,2025-03-23,SC
0.0,0.0,0.0,0.0,13499.10472833,52120.238446530006,94970.1806487,115967.61682614,135041.1973056,2025-03-30,SC
0.0,0.0,0.0,0.0,14209.764530814002,53833.259812770004,88259.52367170001,110056.1466474,134701.9865757,2025-04-06,SC
0.0,0.0,0.0,0.0,16606.97644437,56771.846881469995,96750.17934029999,117562.7417607,135553.6753254,2025-04-13,SC
0.0,0.0,0.0,0.0,15052.75018533,56370.00686346,89907.45372359999,111873.95012673,133984.33863966,2025-04-20,SC
0.0,0.0,0.0,0.0,0.0,85355.46560339999,165044.5211943,220460.32774799998,268050.2416713,2024-10-06,RO
0.0,0.0,0.0,0.0,0.0,83132.74896119999,158441.7434094,211425.1222986,251509.95693810002,2024-10-13,RO
0.0,0.0,0.0,0.0,0.0,83886.25982759999,176469.838731,236683.8998523,293654.3890095,2024-10-20,RO
0.0,0.0,0.0,0.0,6485.577039180001,99903.13661249999,176748.4003248,216791.03107979998,283033.2589128,2024-10-27,RO
0.0,0.0,0.0,0.0,0.0,82890.2960217,161137.2392946,217059.5562867,250111.6760268,2024-11-03,RO
0.0,0.0,0.0,0.0,2444.70109662,90303.4841256,184523.99932799998,225107.2067949,276764.77737900004,2024-11-10,RO
0.0,0.0,0.0,0.0,0.0,89094.02770169999,161380.68151229998,219564.073611,266578.2914463,2024-11-17,RO
0.0,0.0,0.0,0.0,171.0574817427,88178.7538935,174831.35469029998,225616.1585166,256175.5684464,2024-11-24,RO
0.0,0.0,0.0,0.0,0.0,86799.46074119999,164419.472889,228693.4838748,275096.0724849,2024-12-01,RO
0.0,0.0,0.0,0.0,3000.4862056740003,89729.53363494,177592.15889279998,225636.1355538,276245.3265435,2024-12-08,RO
0.0,0.0,0.0,0.0,4990.32612135,95079.72725324999,181621.5209136,233805.1481586,276556.08754710003,2024-12-15,RO
0.0,0.0,0.0,0.0,4748.716302174001,98659.10970234,187180.91336339997,231998.6304288,275606.7155532,2024-12-22,RO
0.0,0.0,0.0,0.0,318.1208823738,91463.76384930001,176308.57042829998,230987.69980109998,262447.1933319,2024-12-29,RO
0.0,0.0,0.0,0.0,1129.177614897,100440.78218883001,174226.87379789999,222692.60209409997,255127.5558423,2025-01-05,RO
0.0,0.0,0.0,0.0,1487.2317010919999,88769.77421994001,174393.79056,220870.0325277,259897.9989276,2025-01-12,RO
0.0,0.0,0.0,0.0,2003.98882779,91147.90327614,171576.6453684,236256.19659180002,278493.6527262,2025-01-19,RO
0.0,0.0,0.0,0.0,0.0,92973.322602,176311.72973609998,217427.5358649,266150.65201019996,2025-01-26,RO
0.0,0.0,0.0,0.0,6364.43034993,100477.93118085,173818.2221208,231983.7912558,273890.1583152,2025-02-02,RO
0.0,0.0,0.0,0.0,3527.3751367500004,95889.08766087,173168.6492898,228544.5815496,267212.7698067,2025-02-09,RO
0.0,0.0,0.0,0.0,0.0,86454.8887617,175227.4489167,223707.1707126,253200.2983038,2025-02-16,RO
0.0,0.0,0.0,0.0,0.0,94078.74525390001,169321.1389407,210582.8316918,247818.5291592,2025-02-23,RO
0.0,0.0,0.0,0.0,2712.979941336,89651.70935280001,165263.51866680002,225021.1236354,265882.31827650004,2025-03-02,RO
0.0,0.0,0.0,0.0,0.0,77092.83536868,162173.8273311,213122.05353359997,257091.9591816,2025-03-09,RO
0.0,0.0,0.0,0.0,671.5859622966,98086.6941885,171480.8928123,218805.63230969998,260075.2392864,2025-03-16,RO
0.0,0.0,0.0,0.0,235.09491163380002,98419.6501272,169571.3625009,210790.8513675,265947.2436474,2025-03-23,RO
0.0,0.0,0.0,0.0,0.0,84043.99704537001,180516.4014276,227790.0494928,270732.3344325,2025-03-30,RO
0.0,0.0,0.0,0.0,0.0,85619.80392966,163040.7701124,212059.05815159998,267484.9010922,2025-04-06,RO
0.0,0.0,0.0,0.0,1499.775269985,92038.34939274,182156.4491661,229071.5477082,269626.2416244,2025-04-13,RO
0.0,0.0,0.0,0.0,651.539579886,94155.11912655001,170052.5027403,219764.0992806,269801.26408530003,2025-04-20,RO
